phase	step	pos	tok	label	n	min	max	mean	l2	values
embed	0	0	44883	h	5120	-0.0462026596	0.0492553115	-0.00023926713	0.930995183	0.015738368,0.00514060259,0.0192709565,0.0334013104,-0.0195875168,0.00867319107,0.015738368,-0.00898975134,0.0192709565,0.00160801411,-0.00192457438,-0.00898975134,-0.00545716286,0.00514060259,0.015738368,0.00160801411
ssm	0	0	44883	attn_norm	5120	-3.39018393	3.64090014	-0.01716231	69.8766474	1.27643144,0.374890596,1.38591099,2.44649267,-1.37789428,0.61596179,1.28732598,-0.619606495,1.38555038,0.11215391,-0.141722396,-0.638443589,-0.390421271,0.357579082,1.16954684,0.114921659
ssm	0	0	44883	wqkv	10240	-31.4925995	33.4916306	-0.00647365244	273.521649	-0.981204271,-1.87811828,-0.541710973,1.18161261,0.60307014,1.29181349,-2.31767488,1.065732,0.977394223,0.370868415,-6.31081676,-3.16351581,-0.555695653,0.357050896,0.179619312,0.840042174
ssm	0	0	44883	wqkv_gate	6144	-13.2206879	7.42412663	-0.134954057	142.405124	0.393223882,-0.496938318,-0.164682627,-1.50958812,-1.46468711,-0.164907485,0.0800473541,-0.209526092,-2.32580996,-1.40924633,0.494010776,3.62341595,-1.13809383,0.810416162,0.755146205,-0.380284071
ssm	0	0	44883	beta	48	0.186399654	0.997072458	0.713015878	5.19925753	0.186399654,0.951697588,0.969628274,0.921787858,0.710797071,0.541571558,0.851211131,0.920659363,0.967082024,0.332906276,0.886336803,0.37103346,0.479466498,0.931563079,0.554748893,0.787639558
ssm	0	0	44883	dt	48	-3.98007226	-1.64428129e-05	-0.421225201	6.01577946	-0.00373061979,-0.0334866382,-1.09023309,-0.101759985,-0.00397828082,-0.00219189562,-0.920978308,-0.0587889068,-0.0037662317,-1.64428129e-05,-1.20723498,-0.0123695172,-0.470014632,-0.0218447186,-0.0172973033,-0.903261602
ssm	0	0	44883	conv_raw	10240	-2.80725241	9.03932571	0.0282595854	36.1594555	0.0790521055,-0.154064387,-0.0399406031,0.077312544,-0.0337165669,0.000628304377,0.0049864524,-0.0650471225,0.000805348041,-0.0168411918,-0.349744976,-0.0293490235,-0.0463984162,-0.0199620742,-0.000260373461,-3.725239e-05
ssm	0	0	44883	conv	10240	-0.277221799	9.03825378	0.0276648239	34.1931877	0.0410875492,-0.0711099505,-0.0195715409,0.040149834,-0.016574109,0.00031425085,0.00249944231,-0.0314661525,0.000402836158,-0.00834969152,-0.144600049,-0.0144591862,-0.0226611029,-0.00988142006,-0.000130169792,-1.86258494e-05
ssm	0	0	44883	deltanet	6144	-0.00508943014	0.230222985	0.000582206812	0.595022704	1.76750891e-05,9.31862742e-05,3.12245975e-05,9.61269179e-05,6.44727043e-05,-2.58704313e-05,4.07925363e-05,4.16520234e-05,8.57799532e-05,7.35720023e-05,8.33763534e-06,-6.49944027e-08,0.000105483858,9.12837568e-05,8.21608846e-05,8.71794837e-05
ssm	0	0	44883	gate	6144	-0.278464526	7.41969967	0.350870298	79.6014111	0.234777674,-0.187972113,-0.0755764991,-0.273235232,-0.274997175,-0.0756704882,0.0416247174,-0.0938277319,-0.207015306,-0.276709676,0.306805789,3.52921653,-0.276181817,0.560968578,0.513725221,-0.154417545
ssm	0	0	44883	rms_gated	6144	-2.379287	0.458161265	0.000432162267	4.56813639	0.00140854763,-0.00605040835,-0.000797479239,-0.00864035729,-0.00596504752,0.000673263916,0.000563653593,-0.00132654037,-0.00605411129,-0.00678842608,0.000864454661,-6.72260576e-05,-0.00967077632,0.0176876988,0.014200571,-0.00442854362
ssm	0	0	44883	ssm_out	5120	-0.580433846	12.0098343	0.00192252882	12.2432008	-0.0579398014,-0.00100566819,-0.00284065306,0.0496401712,-0.00476187607,-0.0381906927,-0.0299626701,-0.0112608094,0.049093876,0.0133400103,-0.00523058046,0.00682058651,0.0205704644,-0.0293717906,0.0388300568,-0.00475958828
ssm	0	0	44883	layer_out	5120	-0.603542328	11.9974976	0.00168326167	12.2778222	-0.0422014333,0.0041349344,0.0164303035,0.0830414817,-0.0243493933,-0.0295175016,-0.014224302,-0.0202505607,0.0683648288,0.0149480244,-0.00715515483,-0.00216916483,0.0151133016,-0.024231188,0.0545684248,-0.00315157417
ssm	0	0	44883	post_norm	5120	-2.30825233	1.2949394	-0.00286662923	11.7118709	-0.173408613,0.0177437831,0.0789213106,0.376668841,-0.115019768,-0.136072665,-0.0613629781,-0.0972715318,0.304649711,0.0684835017,-0.032088656,-0.0104687465,0.0718211085,-0.111427478,0.219256461,-0.0145463711
ssm	0	0	44883	ffn_gate	17408	-1.96657562	1.49385571	-0.0209978843	20.0795336	0.09549658,-0.0668597147,-0.0255995989,0.398139894,0.113618217,0.0975682735,0.0400909148,0.122317418,0.0181160569,-0.125192434,0.0473686159,-0.0292462874,0.152726069,-0.0875461474,0.129784107,-0.0471151285
ssm	0	0	44883	ffn_up	17408	-2.84365678	1.38697267	0.00116417798	18.8181899	-0.192591906,-0.12721014,-0.0302400067,0.0135480389,-0.0115726814,-0.0985067859,0.0288702101,-0.0329239368,0.0776438341,-0.0592288263,0.304898739,0.203738019,0.0442654639,0.0925959051,-0.18088001,0.249365285
ssm	0	0	44883	ffn_mul	17408	-2.18236518	1.52650511	6.57577147e-05	3.19822281	-0.00831312966,0.00398249272,0.00038121402,0.00271527655,-0.000653629657,-0.00456906948,0.000587069779,-0.00198044069,0.000730589789,0.00359773729,0.00831375085,-0.0032817421,0.0034550468,-0.00424072891,-0.0106790047,-0.00660310732
ssm	0	0	44883	ffn_down	5120	-0.242556795	3.08654308	0.000277764262	4.12924574	-0.0243068151,0.0531833544,-0.0367876329,-0.0220575966,-0.10473758,-0.0569971092,-0.0150916371,-0.0796815678,0.0513176322,0.0403195396,0.00713004731,-0.000929331407,-0.0585415103,-0.0558626279,-0.0493122824,0.0168813486
ssm	0	0	44883	post_ffn	5120	-0.679506898	15.0840406	0.00196102594	15.6596852	-0.0665082484,0.0573182888,-0.0203573294,0.0609838851,-0.129086971,-0.0865146071,-0.0293159392,-0.0999321267,0.119682461,0.055267565,-2.51075253e-05,-0.00309849624,-0.0434282087,-0.0800938159,0.00525614247,0.0137297744
ssm	1	0	44883	attn_norm	5120	-3.9235177	23.4231014	-0.000876931623	31.547853	-0.294101089,0.269384235,-0.090735957,0.268787831,-0.640810907,-0.372532547,-0.125515193,-0.476349264,0.569025099,0.241311848,-0.000110970068,-0.0137413759,-0.194390237,-0.360654563,0.0238547903,0.0629390329
ssm	1	0	44883	wqkv	10240	-8.75411415	7.39542103	-0.0102173008	64.2562356	-0.0178574175,-0.314227045,0.65315485,-0.183679253,-1.39622355,-1.166682,-0.190929577,-0.022645101,0.202146113,1.19099617,0.10798385,-0.434982002,-0.886511624,0.0868068337,0.476088583,-0.184505254
ssm	1	0	44883	wqkv_gate	6144	-6.99443293	2.95490575	-0.016993454	47.0043477	0.543760657,0.054844223,1.32932949,-0.28290835,0.0742051452,0.623301029,-0.0485339165,-1.18063402,0.344765902,0.536207795,-0.267928034,0.94918257,0.510448098,-0.0487372279,0.097527951,-0.269854575
ssm	1	0	44883	beta	48	0.193131432	0.992881536	0.605513696	4.51526903	0.617394567,0.439050555,0.284746468,0.573422253,0.299706697,0.401864737,0.532864511,0.8723104,0.867392302,0.572253585,0.77580291,0.992881536,0.449510843,0.565389812,0.668684185,0.649649978
ssm	1	0	44883	dt	48	-3.45983624	-4.34173307e-05	-1.18075708	10.9033066	-1.74515629,-2.77245951,-0.000866748858,-1.27446234,-1.34475398,-1.70137095,-3.06161451,-0.0327410512,-0.18202801,-2.54176927,-0.705716431,-0.00662549399,-2.19249177,-1.79699969,-0.548763275,-3.45983624
ssm	1	0	44883	conv_raw	10240	-1.87221777	0.59411025	0.00026214668	3.88015253	0.000584202644,-0.0131183658,-0.0358788669,0.000409197557,-0.0548808575,0.00733448751,0.00370578654,-0.000414644193,0.00161628053,-0.0625156686,0.00166747521,-0.0197526012,0.0063306801,-0.00166365632,0.012959931,0.00324325636
ssm	1	0	44883	conv	10240	-0.277988613	0.382789791	0.000460494697	1.40110121	0.000292186654,-0.00651616044,-0.0176176447,0.000204640644,-0.0266876426,0.00368069252,0.00185632636,-0.000207279096,0.000808793411,-0.0302810986,0.000834432722,-0.00977876224,0.00317535945,-0.000831136189,0.00652195467,0.00162425777
ssm	1	0	44883	deltanet	6144	-0.00139094179	0.00609824248	4.56890076e-06	0.0108168896	2.97323804e-05,-3.30374746e-06,1.53817618e-05,5.59940281e-06,0.000326980604,-7.54256405e-07,1.94997369e-06,-0.000394371076,4.51079795e-05,-2.48412198e-06,1.42521285e-05,2.68604308e-05,1.48606955e-06,1.488407e-05,-1.6187056e-06,-1.26693863e-06
ssm	1	0	44883	gate	6144	-0.278460085	2.8086226	0.0668944298	25.8561042	0.344030172,0.0281738956,1.05114031,-0.121577293,0.0384785421,0.405749589,-0.0236781873,-0.277376056,0.201807946,0.338309467,-0.116124257,0.684313893,0.318984866,-0.0237749014,0.0511400141,-0.116831593
ssm	1	0	44883	rms_gated	6144	-0.381740838	0.300379843	-0.000144358748	1.02704934	0.00890384708,-8.10224155e-05,0.0142608453,-0.000589956122,0.0107096657,-0.000272290257,-3.87682958e-05,0.0707825646,0.00788891315,-0.00072183006,-0.00140238868,0.016566366,0.000419933058,-0.00030939217,-7.11011453e-05,0.000129415042
ssm	1	0	44883	ssm_out	5120	-0.280622125	3.8762753	0.000772752432	3.9934736	-0.0176853035,-0.00157128181,0.006437873,0.00121920416,0.0154489474,0.0203642622,-0.0185791366,-0.0124202194,0.00905050803,-0.00612895936,-0.0095822271,-0.0315380022,-0.00239462405,-0.0007746052,-0.00932899863,0.00753828418
ssm	1	0	44883	layer_out	5120	-0.960129023	18.9603157	0.00273377832	19.466399	-0.0841935501,0.0557470061,-0.0139194559,0.0622030906,-0.113638021,-0.0661503449,-0.0478950739,-0.112352349,0.128732964,0.0491386056,-0.00960733462,-0.0346364975,-0.0458228327,-0.080868423,-0.00407285616,0.0212680586
ssm	1	0	44883	post_norm	5120	-1.65431166	1.42136908	-0.0026315916	13.1355221	-0.253261596,0.167091563,-0.0435198024,0.192247897,-0.338161916,-0.208009273,-0.146823376,-0.340788841,0.384467453,0.153104886,-0.0286583006,-0.107422248,-0.141457781,-0.249645606,-0.0110234339,0.0658084452
ssm	1	0	44883	ffn_gate	17408	-1.35342991	1.32977676	-0.0342083199	24.7394558	0.264045447,-0.200850517,0.0181124657,0.0281441286,-0.235041946,0.210935012,-0.188729897,-0.0386971906,-0.0121338591,-0.12222717,-0.0522381105,-0.158691883,0.00999610685,0.058581572,-0.0331781358,-0.13884522
ssm	1	0	44883	ffn_up	17408	-2.38938713	1.43050826	-0.0027909668	21.9031448	0.0323319696,-0.139064491,-0.218790621,-0.0149444528,-0.0353730693,-0.194492459,-0.33144033,-0.087344408,0.220231056,0.0126613863,-0.124262571,-0.153299376,0.138898745,0.130913213,0.119326413,0.206353709
ssm	1	0	44883	ffn_mul	17408	-0.394661456	0.303603619	-0.000223992717	2.1786952	0.00433755387,0.0129960906,-0.00176552136,-0.000208727943,0.00408356125,-0.0185241215,0.0261401609,0.00161623291,-0.00148266286,-0.000778681191,0.00304422528,0.0112331621,0.00074235932,0.00408518966,-0.00209747837,-0.0157984626
ssm	1	0	44883	ffn_down	5120	-0.179691076	0.284645706	5.84695366e-05	2.10625438	0.000637971796,0.00220610853,-0.00575820077,0.0151391355,-0.0247299224,-0.0423657522,-0.00143625867,0.00297962688,0.0280554593,0.00617095642,0.0237152018,-0.00760563603,-0.0422934145,0.0103525296,-0.00794997066,0.0193746481
ssm	1	0	44883	post_ffn	5120	-1.0701226	19.2449608	0.00279224776	19.9361848	-0.0835555792,0.0579531156,-0.0196776576,0.0773422271,-0.138367951,-0.108516097,-0.0493313335,-0.10937272,0.156788424,0.0553095639,0.0141078671,-0.0422421321,-0.0881162435,-0.0705158934,-0.0120228268,0.0406427085
ssm	2	0	44883	attn_norm	5120	-4.19339228	26.172121	0.000954185104	33.1060453	-0.301832706,0.222931534,-0.0714836493,0.281624317,-0.543422401,-0.391095698,-0.179564103,-0.417471737,0.603676438,0.198378846,0.0512902699,-0.153454319,-0.322013676,-0.261000335,-0.0436704345,0.150502011
ssm	2	0	44883	wqkv	10240	-5.7644043	5.42832708	-0.00684021038	60.9174492	0.560510993,-0.495059222,-0.050113827,-0.177288041,0.512268364,-0.253488988,0.358587027,0.564115644,0.264211208,0.0935862064,1.16238379,-0.0461861193,1.10867786,-0.0491880998,-0.190714911,-0.175173566
ssm	2	0	44883	wqkv_gate	6144	-6.50377035	3.50775933	-0.0198383766	47.3177683	1.09953499,0.348896235,1.28669071,0.956005812,0.0615602732,-1.35560727,1.06997049,1.10949242,1.65581894,1.18489325,0.564465404,0.989218295,0.14711383,0.469763279,0.185789436,0.793605149
ssm	2	0	44883	beta	48	0.0945098177	0.94437474	0.572909089	4.29254711	0.94437474,0.748518527,0.232781857,0.506892145,0.663674414,0.905499876,0.409653574,0.716320455,0.429057032,0.226445436,0.784684479,0.310305744,0.608458042,0.605233431,0.162170604,0.257321954
ssm	2	0	44883	dt	48	-3.72525167	-0.00500492193	-1.03652101	9.25954435	-3.72525167,-0.142936304,-1.97313368,-2.06106806,-0.873554945,-0.260080218,-1.88115489,-0.466652721,-0.482873648,-0.115018167,-1.77537513,-1.28505993,-1.57381999,-1.00172353,-2.23501182,-2.28591609
ssm	2	0	44883	conv_raw	10240	-0.89505887	0.664869368	0.00268894659	3.63860816	0.0254528914,-0.0246562697,-0.00221450254,-0.00796411093,0.0243877769,-0.0103970096,0.0162834935,0.0754725039,0.0108367875,0.00399843417,0.0292298663,0.00217625033,0.052239947,-0.00218560407,0.00796197541,-0.00795465894
ssm	2	0	44883	conv	10240	-0.259626985	0.439048767	0.00166171038	1.90914494	0.012888399,-0.0121761588,-0.0011060253,-0.0039661983,0.0123425722,-0.00517148059,0.00820803363,0.0391595997,0.00544775231,0.00200321386,0.0148285143,0.00108930923,0.0268020723,-0.00109160785,0.00399683602,-0.00396151002
ssm	2	0	44883	deltanet	6144	-0.00108263921	0.00392086664	7.49685143e-06	0.0102481351	5.92503739e-06,5.40281144e-05,1.5956788e-05,8.47223237e-06,8.15543681e-05,-0.000168354425,2.97054567e-06,-4.96647317e-07,-1.70324183e-05,7.49759579e-07,-3.14432837e-05,8.57105624e-06,-8.37680454e-06,1.32279174e-05,1.46455059e-05,1.7155824e-05
ssm	2	0	44883	gate	6144	-0.278461158	3.4057107	0.0659913308	25.7363771	0.82484138,0.20457527,1.00823355,0.690543473,0.0317272544,-0.277838707,0.796690702,0.834376574,1.3903513,0.907422602,0.359838307,0.721074343,0.0789578035,0.289058387,0.101499416,0.546480358
ssm	2	0	44883	rms_gated	6144	-0.500485003	1.08058143	0.000225023513	1.57199357	0.00449903635,0.0102611464,0.0153123699,0.00358289876,0.00245262962,0.044154875,0.00222478993,-0.000383093284,-0.022446733,0.000634271943,-0.0105040856,0.00585823273,-0.000626939582,0.00359451305,0.00141482835,0.00881351531
ssm	2	0	44883	ssm_out	5120	-1.26166201	1.31979227	-1.72151989e-05	2.4752045	0.00590608409,0.012006741,-0.00427146675,0.0354479775,0.00815156009,0.00889641047,0.00333978049,-0.0181485824,0.0155987013,0.0222024322,0.0131148919,0.00011093216,-0.0116018979,-0.000640871003,0.0120322257,0.0338861719
ssm	2	0	44883	layer_out	5120	-2.33178473	20.5647526	0.00277503242	21.4356787	-0.0776494965,0.0699598566,-0.0239491239,0.112790205,-0.13021639,-0.0996196866,-0.0459915549,-0.127521306,0.172387123,0.077511996,0.02722276,-0.0421312004,-0.0997181386,-0.0711567625,9.39890742e-06,0.0745288804
ssm	2	0	44883	post_norm	5120	-3.04049134	2.14060283	-0.00175478854	14.449905	-0.227685392,0.185638756,-0.0714341849,0.335321635,-0.307326168,-0.289671242,-0.135007277,-0.325491667,0.462487519,0.231198698,0.0783588812,-0.123675272,-0.296621323,-0.207371488,2.16923199e-05,0.214040458
ssm	2	0	44883	ffn_gate	17408	-1.11252201	3.33134222	-0.0335010919	22.5091412	0.0639625192,-0.133406907,-0.00914904475,-0.393800616,0.0143334344,-0.0478290096,-0.0134698451,0.0765006095,0.121477902,-0.0529008359,-0.147625953,0.0319753252,0.103181928,0.145832002,0.138849422,0.120332517
ssm	2	0	44883	ffn_up	17408	-1.07152891	1.18568695	0.00153451368	20.6079223	-0.0159922913,-0.165178731,0.108080119,-0.00237894803,0.142234012,0.0209997706,-0.121007353,-0.0782169625,0.143532827,-0.0040282812,0.381213456,-0.169412881,-0.0228153318,0.0708025396,-0.0268954206,-0.00529090315
ssm	2	0	44883	ffn_mul	17408	-0.586993158	1.15383685	0.000126664213	2.45935941	-0.00050736405,0.0101100858,-0.000521107169,0.000467858394,0.00109172217,-0.000507471967,0.000765726261,-0.00287487661,0.00934262294,0.000106335108,-0.0334378667,-0.00247963425,-0.00116363796,0.00534532545,-0.00184209878,-0.000317491736
ssm	2	0	44883	ffn_down	5120	-0.864928722	0.207059041	-0.000895751841	2.34282681	-0.0078560235,-0.00436866842,-0.0168323629,-0.0265243016,-0.00341539551,-0.0184115432,-0.047250282,-0.0479560234,0.0169853717,-0.00403145514,-0.00674139149,0.00474962313,0.0170551911,-0.00336088054,-0.0255260486,-0.0165630914
ssm	2	0	44883	post_ffn	5120	-2.76670122	19.6998234	0.00187928046	20.9226077	-0.0855055228,0.0655911863,-0.0407814868,0.0862659067,-0.133631781,-0.118031234,-0.0932418406,-0.175477326,0.189372495,0.073480539,0.0204813685,-0.0373815782,-0.0826629475,-0.0745176449,-0.0255166497,0.057965789
attn	3	0	44883	rms	5120	-17.851965	88.6888199	0.00751959802	94.8302264	-0.343824893,0.278205603,-0.16453059,0.355237573,-0.589115322,-0.481314868,-0.377424508,-0.770075023,0.827258587,0.297434688,0.0854354426,-0.152311996,-0.33681187,-0.31556952,-0.106098607,0.246249586
attn	3	0	44883	q_proj	6144	-6.88199949	9.05305958	-2.2789917	259.241473	-0.534291029,-0.452610731,0.263455927,-0.58340168,-0.142228514,-0.299855769,-0.440533876,0.506142318,0.514026165,-0.456818283,0.529914677,0.256214797,-0.152013347,0.590192676,0.496757388,1.07471681
attn	3	0	44883	gate_src	6144	-8.48342896	12.2428951	-2.28502007	262.040253	-0.655329466,-0.450077951,-0.382678956,0.531413496,0.994091749,-0.014203012,0.728196681,0.957157969,-0.461080939,0.159345448,0.132794827,-0.181919634,0.0288962424,-0.251943529,0.118813708,-0.335023582
attn	3	0	44883	v_proj	1024	-2.16020894	3.62216854	-0.0135170035	19.2720337	-0.238644794,-0.417475402,-0.061131984,-0.421452314,0.247947752,-0.309276521,-0.119394124,-0.0197741538,0.544179678,0.442341924,-0.501410186,0.11244458,-0.0848873854,0.203917444,-0.0987218767,0.121038109
attn	3	0	44883	attn_raw	6144	-2.16020894	3.62216854	-0.0135170035	47.2066488	-0.238644794,-0.417475402,-0.061131984,-0.421452314,0.247947752,-0.309276521,-0.119394124,-0.0197741538,0.544179678,0.442341924,-0.501410186,0.11244458,-0.0848873854,0.203917444,-0.0987218767,0.121038109
attn	3	0	44883	attn_gated	6144	-1.73350358	2.5205698	-0.00285070226	17.8318263	-0.0815662965,-0.162540823,-0.0247878525,-0.265436023,0.180975914,-0.153540134,-0.0805205256,-0.0142878629,0.210450292,0.238755077,-0.267326862,0.0511223786,-0.0430568792,0.0891823173,-0.0522898696,0.050475169
attn	3	0	44883	attn_out	5120	-4.86168957	97.3417816	0.0248785858	100.855829	0.556038558,-0.144332528,0.299197108,0.720019579,0.0972407684,-0.206021771,0.0441177189,0.0758792013,0.151960298,0.101667576,-0.23776935,0.14681986,0.0685168654,-0.376217574,-0.241088882,-0.182678387
attn	3	0	44883	post_ffn	5120	-7.76527834	115.394226	0.026938899	118.546803	0.450288147,-0.00879499316,0.362607449,0.777094126,-0.0121105909,-0.363575518,-0.100645714,-0.158310175,0.356881022,0.15344587,-0.255744487,0.0554422103,-0.00729892403,-0.426873088,-0.294533551,-0.233381197
out	-1	0	44883	output_norm	ptr	h2	0x7f6819005000	device
out	-1	0	44883	output_norm	5120	-14.3819113	15.4109335	0.0649974208	139.234467	-0.457106411,-1.14633179,-0.417841524,-0.750000477,-3.36904621,0.442825586,0.266942799,-1.35054827,-1.03084183,3.52975368,-1.418311,1.39976633,0.437032014,-1.18707895,5.13466883,-0.652213275,-0.13503924,2.79585338,0.744831383,2.64960432,-1.62196648,0.299901992,-3.74478745,-0.399276286,1.29630792,-1.96151924,-1.9189254,-2.43350816,-0.0544168539,1.70120227,-0.973379314,-0.951834083,-1.56664777,2.70568991,-0.0106564481,-0.0804918706,-0.58276701,0.858612657,1.47511494,-1.28834045,1.15840638,0.33902818,-4.59660864,-0.67346704,-1.06898725,-2.99511862,2.25477982,-0.173126847,-0.494549513,0.560831726,-2.50741076,0.0890087783,0.243603975,-3.08530664,-0.57966584,2.30482459,1.48060071,-0.459371448,-1.9219358,1.92186713,-2.86024714,1.02766299,0.956867635,1.01875281,1.05345595,-1.04166043,-1.91607952,-0.437388718,-0.501837909,-1.02001643,-0.378856778,0.995965421,6.51908398,0.221132264,0.592143834,-0.523243546,1.50831175,4.41098976,2.83563948,-2.35393023,-1.59005678,3.27506495,-0.238530248,1.78258026,-0.213332653,-0.456851274,1.87019789,-9.37400723,2.25474095,-0.0452970192,-0.00114325958,-3.22027969,0.287979364,-0.0736419931,1.04065216,-2.36104131,0.28378135,0.280262887,-0.776689231,-3.98404312,-1.82055068,-0.821377635,2.65073109,1.90844691,1.07088196,-2.2362442,1.73030388,0.137257755,-1.04574001,-2.93905854,-0.572080851,0.134948045,-1.32650328,-2.74164557,-0.15448992,0.0671152398,2.535501,-0.534105599,0.787698448,-0.743939877,-2.5911684,-1.60196877,2.02029705,-0.176587582,1.2684232,-0.925550461,-0.0698215663,-0.339730948,-1.54391551,2.34961367,0.199525222,0.68968606,-0.598744035,-2.08790565,-1.57329392,-1.08740127,1.48129117,1.98741174,0.518114507,-1.11050487,-0.217135459,-2.92775011,-1.21835768,0.859031916,0.67585218,-0.89826107,2.04503226,-2.79981351,-1.28508055,0.52474153,0.992852271,0.166562676,-0.478343755,0.824426055,-3.11915684,1.73614824,1.38172209,0.297823846,1.37513041,0.0675334334,-2.74256563,0.610045254,-1.20674956,0.0740625858,-2.07184696,3.59806943,1.07071567,1.47290814,2.63063073,3.76091409,-2.81507015,1.35876536,1.37673712,2.57608986,-12.7979832,0.70219487,0.448631674,-1.8420161,-0.0537356883,-0.682927191,-0.439446539,-1.48813546,0.080069676,1.56104684,1.47733557,0.870393753,-1.55749726,0.44206965,1.56831706,2.26850867,-1.36951602,-0.686199963,-1.89665425,1.01173639,-0.702340066,1.50352252,-0.549602032,0.535913765,0.959114909,0.447561473,0.981531382,6.05132723,1.60124648,2.73188281,0.305439979,5.16116285,-0.908385575,-0.635117888,1.2915889,0.486965477,1.64146519,-1.41995454,-0.799310565,3.12000132,1.32418799,-2.77323318,-0.261882901,-1.58039284,2.12813139,0.815149069,5.48905993,-0.24823238,-0.748617113,1.93184745,0.270244896,1.31246901,-0.86672461,2.10044003,-2.62077522,1.38166881,-0.710029423,2.1981709,-1.33193457,-1.91425657,1.32130027,-1.70633233,-0.922451198,-0.921361327,-3.78074598,1.61356187,-0.170236111,-0.364329696,0.106058843,2.68967509,1.39631784,-0.386573344,-0.782731235,-0.587997437,-0.502224922,0.917949915,-3.10860968,2.61471486,3.10921645,2.10296392,0.225365356,-0.812225163,0.744658828,1.24851644,-1.25835168,0.500059903,-0.555495739,-1.22085416,-0.294960856,1.72160864,-0.287435323,1.46643913,-1.42282808,1.32312095,-0.431853771,-2.99338078,5.12914276,-0.739320874,1.19753003,3.30708766,-1.54938531,-0.386300892,1.68245471,1.52184343,0.0923077688,-1.66775942,0.255146682,1.81854022,3.39397287,-1.09037077,-1.0383122,1.32530475,0.0532339066,2.01046729,1.11837792,-0.828224123,-2.38893771,0.551876724,0.201785922,1.34229791,-1.94932663,-2.70053315,1.2578975,2.62041926,-1.68297958,-0.103993185,3.64956188,-0.508648038,-1.20899916,0.478954822,0.0651576072,-0.467265755,0.80106163,-0.32889387,-1.6207509,4.67927074,-3.88130975,-1.45926261,0.149576038,3.72633219,0.397511184,0.193854704,0.600446165,1.77947664,-1.18066227,-0.399972588,-2.37145495,-1.25295639,0.540013134,-1.4757694,0.594766617,-1.15741241,-0.342524678,2.36606932,0.324739724,-0.320805907,-3.08901262,-1.66653538,1.24494112,-0.85761112,-0.122797035,1.42207921,-0.0204151068,-1.99484539,-2.19343591,-0.729432821,1.37566519,-1.29109633,2.37626624,1.36252964,0.836137891,-1.13082325,-2.40263438,-0.806761146,0.741551399,0.819681227,2.14375138,0.569260001,-1.37584472,-1.33795142,3.26889706,-1.27566695,-1.37455416,0.89254719,0.577857196,-0.481277406,0.0874348059,-0.039953541,0.672470093,-0.185343862,-11.6748276,0.326290041,-0.705792487,-0.0488027222,1.74657035,2.22354245,0.0835610405,-2.01943517,-3.00674462,1.17116904,-2.34649515,1.85211802,3.56242537,2.28844476,0.981666744,0.472250432,-2.34699225,-1.2922585,-2.3722322,-8.96027184,0.378374368,1.21665168,0.0460055992,-1.092646,1.74051249,0.0111119831,-1.78813469,1.6439836,1.44834924,2.47850323,1.21423888,-2.25639749,-1.36238658,0.456520557,-1.44725323,1.8813709,-3.53742838,-0.96808511,-1.37127721,-0.0301493425,-0.340662241,-2.32364345,-3.04963803,-0.340566814,0.126182973,1.15145659,0.574672222,-1.24854326,0.964312732,0.859415293,0.306333184,2.44058776,-1.3807174,2.1058898,-2.14635348,-1.33654869,-1.41524959,-2.34539056,-1.38941026,3.20538568,-0.286099941,0.11367593,-0.770056486,-0.241379485,-0.380051404,-0.956706107,0.0232866779,1.0208391,0.165188134,0.384617358,0.490672857,2.75141239,-0.714841723,-1.19510376,-1.67610657,0.513616502,0.68705231,0.805543184,2.75648308,-2.52535081,2.11116338,-0.714208484,0.854109466,-0.667700231,0.71697408,-0.459411502,-0.680562675,0.947127819,-1.8165046,0.532839775,0.457799762,1.71859109,0.718167663,-0.881090641,-2.03862572,-1.09058988,-3.14289999,-0.451639444,0.295993656,1.25413978,0.502038538,1.26359046,-0.581740677,-1.39199996,-2.13053775,-0.844181359,0.525395751,-5.09255028,1.19382751,0.402362198,2.16080856,-2.01612568,-1.98538959,0.189884037,2.11472201,3.04236627,-0.780350924,-1.26620615,-1.06379783,-3.71247602,2.34875321,1.58468485,1.06405222,0.209533259,1.72044635,-0.943992257,1.28414905,0.049144268,0.312636226,-1.04704034,-1.39568806,2.14796376,2.47438812,2.10864305,-2.3917985,0.74757266,-0.910942197,-0.284888923,-0.972722828,0.749007344,0.81514889,-5.27846432,-0.52353704,1.85027492,1.02304637,0.690840781,-3.59839058,0.742851496,-1.23403978,1.51977038,-1.39504957,-0.721301794,-1.70037663,0.483655572,-2.56263185,-3.75373101,1.10394263,1.171911,-0.0173873268,-0.17954208,0.163757548,0.777712464,1.67589521,3.56700277,-0.848737597,1.21926367,2.01543617,0.921568692,-0.896584332,1.5317266,-1.25443614,-0.281977862,-0.713783741,1.82943273,-1.39679432,0.229937375,-1.13360071,-1.0617702,-0.329789102,0.470761061,-0.903914094,-0.0695917532,-0.111268111,1.09888411,0.0151227526,2.64042807,0.357325077,1.40100753,-1.84498572,-1.82049513,-2.63202024,-2.45125961,1.65181923,0.341928929,1.42998266,-0.855930984,0.638925314,-1.31420827,0.455676973,5.20443821,-2.02891302,0.0798482671,1.0289439,-1.33820438,-1.09136832,-0.8581267,-0.0873772502,2.2490437,0.429213077,0.0215661973,-0.0420098118,0.59816128,2.1125145,4.56992865,-0.118153915,-1.7394228,0.661036849,0.520227373,-0.788326204,-0.928848505,-1.52398705,1.90024829,0.867482483,-1.88379252,0.468513906,1.62771094,-0.424124092,0.584608316,-0.00821102876,0.662649572,2.56090331,-1.65685749,0.271269709,4.06715393,0.199637219,-1.30470502,2.04417014,1.09969878,1.72254598,0.585263193,-0.43965587,1.2936362,2.16571164,-2.31802416,-0.986450791,1.90076196,0.586631536,0.643819094,-3.75322366,1.37222636,1.851632,-1.06955695,-0.909542859,2.19769907,0.103091657,-1.1707077,1.41856742,-1.10145772,-1.47192943,-2.80342245,-0.285979897,1.88791037,-0.249189794,0.608726621,-0.623231232,-0.557137489,0.212232336,0.517434537,-1.2628175,1.45522118,2.95410037,1.96978831,-0.582993805,0.427550018,-0.276203841,2.26408958,-1.30489492,-3.79871964,-2.03028703,0.40536505,1.96145153,-0.0673315153,-1.41612005,2.11521602,0.376948804,3.28702378,-1.19300246,-2.53112125,-2.29820752,-2.1193285,-3.12051702,1.24326932,0.126498193,-1.34582019,0.352295876,-1.60643744,2.41421771,0.495943159,-1.12327969,-2.23895454,-1.86959541,1.52798867,0.989895046,-1.46698058,0.381145567,0.788844347,-0.518453658,1.69130123,-2.37123799,0.06561286,-1.6889298,0.431388944,0.361257941,-1.50534856,4.55963469,-1.14101756,-0.00972479302,-1.10325313,0.491736978,0.836033642,1.1566149,6.31634665,-1.18892932,-0.762695789,1.21840751,-1.15559173,-2.68771648,0.251845777,1.85488784,0.043786101,0.957481146,0.0303008631,1.28639162,-1.13448274,-0.344611764,-0.604326785,-3.66787481,-0.0560516044,0.880165756,-1.33597672,0.303809464,2.46345615,-1.47958434,0.483613282,-1.47931659,2.28011441,2.36713052,-0.263929576,-2.12967467,1.83744204,-2.0426569,-0.683419287,0.884693861,-2.46845245,0.525342107,-0.0905546769,3.71883774,-0.977662027,0.919941068,-2.31559515,1.21888149,-0.874763191,1.07381868,0.0412333421,0.545214176,0.286537737,3.64469934,-0.535827816,1.71368635,-0.389102072,-1.6244216,-3.36357903,1.21219385,3.9863193,7.46963072,0.321402222,-1.73592234,1.19683802,-1.05289567,4.67394114,-0.808366954,-1.49353385,-0.305353135,-1.53543603,-1.66061223,2.13307023,1.44415951,-9.73985195,-0.799166441,-0.760876536,1.37834251,4.06021118,-0.67075175,0.707973242,0.210539401,-1.11476076,0.651841044,-5.49704838,0.264933616,-0.473602116,0.567032158,-0.337181151,2.4190855,-2.10211563,0.672269404,-2.11708784,1.77984405,0.338967532,-1.18015945,0.619079351,0.513279796,1.32215548,1.44101524,-1.42090309,-3.558182,0.813937783,-0.842396617,-1.45323658,-5.08908558,1.91136312,-5.5711956,0.794165075,-1.19816136,0.243733123,6.24244404,1.79479527,1.43858159,-2.34638095,1.85459542,0.43135345,1.00098848,5.24088526,-0.562570155,-0.318038404,2.96337366,2.81195784,2.3691256,-1.99533725,-0.597157359,-2.38816309,1.29497373,-1.10242081,0.28986451,-1.74518394,0.894515634,0.805732965,0.555543482,3.23321128,1.24503875,0.595047116,-0.668854356,1.24255359,1.65304613,-0.560458481,0.196729079,2.20070362,1.20361125,2.28465319,1.55929875,0.0661014318,2.09698701,2.29076338,-1.67530704,-1.18451321,0.433710605,1.87626708,-0.137113541,0.256664962,3.50936747,-0.817173421,-0.327947825,1.14158964,2.36092615,-0.0617258362,4.94766092,0.463836759,0.21913664,-1.37008679,0.322246671,0.908029795,-1.46152735,1.30596578,-0.868112445,4.10751581,0.655400455,1.83440268,0.292620271,-0.0695621818,-0.425609797,-1.8047086,-0.019101385,1.68379438,1.25428009,1.84928703,-0.268108308,-1.2326448,-0.412034124,1.09965086,1.85198712,0.292024612,2.08277345,0.200429797,0.433202237,2.48925066,-0.055642046,-2.61615109,0.933398187,-2.02042031,-5.84892416,-0.666993916,-2.3982203,-0.454599172,1.85892642,3.57091999,2.93363428,0.0973922834,1.75808144,-0.159017637,2.17816138,0.294684023,-1.09922838,0.304750919,-1.57771158,-0.291792721,-0.601911068,-0.302598089,2.05847096,1.51187253,-0.496430963,0.858139575,-1.17920947,0.0665648207,-0.859633565,0.550630093,-2.81138492,0.594331384,3.80687451,3.23770761,1.71004307,1.43739724,-0.737807035,-1.29407704,-2.54170728,1.90336847,0.0435752124,0.706401467,-0.960286021,0.553240001,-2.14038754,-3.18842053,0.668045282,-1.1244235,-0.947431982,-0.161580831,0.795681417,0.829879344,-0.915284753,-0.904590905,-2.00486207,2.67204547,-1.21204209,-0.990613937,0.222994134,-0.759484589,-0.690158546,1.77521122,1.74167657,0.0900379941,1.16140127,0.330360502,0.434692085,-2.71867275,-0.441705137,0.847166538,-4.92201757,-2.097996,-0.608179092,2.01765013,1.48479354,-0.896256328,-2.90608025,-0.176353484,0.810773253,-0.798248708,1.94116104,3.77335787,-1.16494286,-2.98803878,3.01479292,1.69400358,-0.34658739,-1.05770326,1.3253392,0.793641925,0.865403473,-1.41160941,1.22712076,1.03832626,4.13317299,0.62462765,-1.17393231,-0.831350923,-2.69079804,-0.199935466,1.98725212,-1.03959596,0.246760711,4.22216082,0.145176098,2.14117289,-0.610682189,-2.14467716,-0.610299289,0.0494603515,0.691620052,-2.04388261,-2.37128186,2.74761033,-2.29622126,-0.681173921,1.20116448,-1.75758064,0.0142776119,1.03760803,2.14014196,2.15228081,1.6403178,-0.889206529,-1.75346088,-4.73630619,1.23395097,-0.213184923,-0.319681287,2.62867689,-2.78447223,-0.828179598,-2.32839441,-2.04534245,0.059652701,-0.626889586,0.224987626,-0.442940801,-2.05859852,0.763577163,1.14112139,0.927700937,2.4915483,1.37428331,-0.748434246,-1.17950177,-4.85949707,0.554135382,-2.35488605,-2.18285728,-5.69364834,1.65485775,1.22884369,-0.259993672,-0.896430373,-0.0399540812,-0.995313227,-0.473245531,0.558597088,0.586677372,-0.783661067,-1.14183962,-3.14645767,1.19500971,2.78365088,-0.0574762076,-3.32353497,0.567365348,1.27116334,2.83808303,0.0150654819,0.0891022682,-0.774996936,-2.90991783,-13.9308672,2.07306623,-2.13200641,-0.701601028,-0.257525802,-1.0514847,0.847480237,2.11719918,-2.38112974,0.64456445,-0.0237864852,-0.939293504,0.412363112,4.63884401,-1.73288703,-0.375229388,-1.53489923,-0.421866596,-0.863017082,4.29417038,-1.48726714,0.359166414,3.18443775,-3.1577816,-3.66738415,-0.102444395,0.173963219,-2.66333556,-0.565105855,1.33433211,1.61828089,1.13066959,3.38591814,2.97699642,-0.278546602,-0.0794172809,0.665789485,3.62743497,2.46170592,-0.782848656,-0.741281629,1.79234636,0.703211784,0.200025395,-1.62650752,-1.94071233,-0.202227101,-13.2464476,-0.889848769,-0.458051503,0.94430691,-0.621932864,-0.886775374,-0.297939211,-0.457168549,1.73818123,1.24866676,-1.33203745,-0.402925193,-2.03559637,1.14364398,-0.930477083,4.34448767,2.26199508,4.48096085,0.783007324,-2.57829356,1.0624845,1.44758666,-2.23382688,0.0300789736,-1.60133028,0.633919358,-1.99735117,0.108449705,1.46722603,-0.901766479,2.30206037,-0.414491296,1.06889677,0.0624478497,-2.77880669,-1.66266918,-0.483298331,2.65547013,-0.415327787,-1.76232016,-1.38321126,1.58391166,-1.40438282,4.27650785,1.18880153,1.58320642,0.355299085,0.790788174,0.131615311,-0.21437411,1.82844937,2.58102632,-1.13946259,-0.0478749089,2.06589389,0.396172255,-2.66259837,2.86684275,0.203808501,0.524453342,-0.372284502,1.77471745,-2.42504501,-0.582996488,-3.19553876,-3.44434214,0.373374343,0.323889136,1.25210643,2.14600396,-3.96208501,-1.90085578,0.669610918,-1.44300473,-1.41283119,1.11791158,-2.85969567,3.74076676,0.273038656,0.370160162,-0.129740879,0.86808449,-1.38933051,0.0878394395,3.03305411,2.09087563,-0.247025877,-0.109464847,-0.452342212,1.09425914,-0.424556762,1.5377003,0.335824966,1.68245435,-1.77093935,-1.48694479,-3.16174626,0.337248355,3.47221327,-1.28455341,-1.01408076,0.363169283,0.779757559,0.0356908254,0.116242714,-1.75796413,-3.99915481,-2.26709843,0.118204817,0.958447039,0.38201195,-1.9978596,1.35308373,0.377697498,1.24267316,1.58462155,-2.71893263,-4.46896267,1.9051044,-1.12801027,-0.384030461,2.03223205,-2.98411107,-0.465372413,1.5138166,1.52830696,1.60767734,1.87383533,-0.6753304,0.972611427,3.77334714,-0.714180946,1.07742298,0.448018491,0.105573401,2.36470819,-0.30761537,3.22520971,-1.95119464,2.46450043,0.0402363986,-0.0214446243,-2.78400588,-3.2442553,-0.39866218,1.28966331,-2.04407001,-1.59593892,1.96554005,-0.504104853,-1.57862628,-0.936590016,1.87209535,0.436749637,1.86204529,-0.63279289,-0.288496494,0.11253725,2.19151855,-1.16464865,-0.567101181,0.896729529,-2.50950718,1.59160101,0.455216289,1.15680957,-1.50175703,1.66071904,0.200888708,-0.0976531506,-0.362116098,1.00687385,-3.52184296,-0.876540542,1.4855907,1.2454406,-3.05565929,-0.636596262,1.87961435,-0.706380963,-1.13535464,-7.15353203,1.27399457,2.09468913,-0.600392103,0.551684678,0.295621336,-1.57158625,-2.7025094,0.552928329,-2.84852004,0.534603477,-0.110991947,1.30818689,-0.244153067,-1.06529617,-0.586647153,0.814466298,2.1880312,0.51369828,0.255709708,1.53954446,2.66934633,0.872030675,1.10433543,-0.618128002,-1.32526684,0.641973019,-2.9147315,-2.43707919,-1.2558955,1.1613946,-0.00708867796,-3.22613072,2.70841718,3.0562005,2.80770397,-1.60926306,1.72516227,-2.25267887,4.61510992,4.41591787,-1.06220102,-1.74479747,-0.340678334,-1.1444397,-1.57329118,-7.32249594,2.5744741,-0.223949656,-2.11878633,-1.62783694,-0.359588981,-1.32405829,0.52851063,-1.44192255,1.99953055,-0.793172598,0.0141317509,0.831133306,3.43589497,-1.64833641,-0.262560189,-1.45753384,-1.93359053,0.122344293,0.0454252027,0.394658238,0.104102634,-0.694146454,1.56821048,0.315731049,-3.20059896,-0.963317573,-2.5695436,-1.32729328,1.80978215,2.02140903,-1.33647156,1.56658709,0.959188402,-0.0344966017,0.873633564,2.27494669,1.9847331,-1.09429479,0.327669531,-0.912751496,-4.57375383,-0.135925293,-1.71772087,-1.54876161,0.33619225,-1.20543599,-1.04820168,-1.10553014,-0.842914045,-0.225258678,-1.50363493,-0.640021265,7.83945322,0.849950254,0.473514885,-0.755755126,-0.548807621,2.02374339,-1.68553638,1.98710513,0.17083858,-1.3522085,-2.28751874,-0.599023163,-0.995771348,0.926890075,-0.131056592,1.57171428,-3.4736197,-0.475178987,-3.70596027,0.320527732,-0.537760019,1.41569042,0.228570282,-0.510228217,0.603842378,1.57002902,-0.490367293,1.2774502,-2.71777272,-2.96804976,1.46929204,0.404601514,1.06946027,-2.9299624,2.20703864,1.28489828,-2.98305368,-2.00972867,-3.03408265,0.883915007,1.64024162,-1.00307429,2.22912025,1.14011645,-1.42738605,0.554859102,0.629624546,1.56941056,0.209354222,-3.69204402,0.925939977,0.42369172,-1.12869287,-0.78767103,-2.18863916,-0.117936075,-0.613930106,3.15113521,-0.80993104,-1.34110892,-0.447949409,2.29107618,-2.17903972,-1.49889112,0.356948286,-1.31424999,2.81888533,1.53161311,4.84267998,0.00678581325,0.875916123,2.55148602,-0.781662643,-3.07503057,0.377425432,-1.97479928,-1.30920732,2.25888276,-2.61647224,1.30144536,-0.89492619,0.3026627,-0.105700105,2.52093124,1.97235703,1.01106405,-1.2768923,0.0957687721,-0.63827616,-2.2149179,-1.10941899,-0.638084531,-1.87671328,0.206722498,-0.863322437,-0.311879516,1.97436404,0.808191597,2.76993299,2.74076033,-3.83203149,0.112399794,0.661076725,-0.788296402,-0.71968174,-2.79403496,0.596279204,0.791103303,1.40647757,1.73880458,3.33128309,-3.09219909,2.63703322,-1.23082912,-1.03522086,-0.667333126,-1.51003051,-2.67187428,3.78325033,0.658035219,-0.332990259,-2.30553126,0.178492799,1.96074247,2.32761073,-2.67725992,-0.327214688,-1.10028112,3.35473347,0.394793034,0.642929256,-0.359201372,1.21439421,1.74288273,0.926836491,2.16133618,-1.11543536,0.221697435,-0.0177135095,0.725644827,-0.773917317,1.50629187,3.12705398,0.174031094,1.96030748,-0.439994961,-0.483165443,0.101664081,3.91119599,1.7765553,-0.698293328,-1.67958355,0.213220015,-0.742058396,0.745333433,0.877341568,-0.283571064,2.19696283,1.65261209,-0.0941934958,2.41965175,0.765522242,-1.76441121,-0.444850385,-0.0659188256,0.30418855,1.1245873,2.57688165,-1.26519334,-3.16839719,0.0341706015,-0.0979425088,-0.573562443,-3.78875899,-2.88771033,0.12369588,-0.837861896,0.295831203,-2.30918074,-0.0225899145,2.79810596,1.13421023,1.17632163,-1.18652356,-0.736222863,0.187655583,-1.05161107,1.00841939,-0.912733376,1.08013415,0.724776566,-4.34544945,-1.61739576,-0.994306862,1.05040038,1.25914335,0.390237182,-2.17096567,-0.811075151,0.315007359,2.51227021,-1.55339158,-1.97578716,0.90750438,-0.184523597,0.489354134,1.36046481,0.395537555,-2.24695849,3.2631762,0.674138427,-0.306390792,0.126835972,3.634197,1.77260065,-3.39514756,1.74706292,-2.13823962,1.12913692,4.06189203,0.0370659679,-1.56723738,0.289643526,2.26811051,-1.4760493,0.136410028,-1.10277724,-1.09064186,-0.752498686,-0.313339829,1.81440675,-1.37506938,-0.348910481,-2.24002051,1.56140745,-3.5885191,0.165705368,-0.026919527,2.33050013,0.130150378,1.43976521,0.448114723,-0.928787112,2.61358905,1.02477455,0.897393167,-0.0362644792,0.502115369,0.023563616,-2.07350445,2.71171546,0.30617106,-0.146218568,-0.640045881,0.232213929,0.252109677,3.67697763,-1.28980052,1.31554163,-1.46079898,0.878554463,-0.876785755,1.20637107,0.801768184,-0.587849677,-0.518311143,-2.96840215,1.2290951,0.559956133,-1.63103378,-1.53118169,1.4047296,-10.6016006,-0.322054833,2.9563539,-1.57815933,1.5451957,3.95348811,-3.23218775,-1.82013011,-1.84002554,0.462250888,-2.06961727,-0.225205109,1.33434165,0.974428892,-2.53414774,0.183746129,2.42192984,-0.568179607,-2.93840408,0.68562305,0.0110051548,-0.0215163883,-0.520602703,0.266439945,0.14837797,1.81645548,0.593581915,-2.11371851,-0.351708233,-1.55072248,0.0784963965,1.0458169,0.588440716,3.5306139,2.48566651,2.79679298,1.88568997,-0.454489946,-1.71673405,0.450611562,-1.6030376,-2.39767289,-1.45079362,0.864857435,-3.35697031,-1.47071207,0.726575315,0.16882059,-1.00133371,-0.863060653,-1.88386905,0.293848544,-0.601620734,0.160568297,-1.46276939,4.90394402,1.56311285,-0.654223263,-1.11311817,-0.861953199,-3.78918314,2.76177025,-0.250179797,-0.223374486,-0.642134488,-0.590920091,1.18442273,0.726427734,-1.67065752,1.48359382,1.51241112,-0.726149499,1.18353772,3.47324014,0.998982847,0.370723009,-0.485047311,-0.393363684,-1.47854698,0.831299841,-1.76979899,0.00629141694,1.27780533,1.49313188,1.79460871,0.195361823,0.277297527,2.5741744,0.560885012,0.251735508,1.99684846,2.15282798,-2.25320268,-1.9814893,-0.581052303,-1.64656901,-0.433633685,-3.08507037,2.61509085,0.508091807,-2.6365478,-0.444458693,1.58509421,-0.194335103,-0.484082997,-2.17136478,3.34312248,0.0482000671,-0.32073164,0.198719293,-2.17327309,-0.274715841,-0.849874973,4.54168701,-0.320078284,0.551136613,0.334241897,-1.48549712,2.92255807,2.45679784,1.25993705,-0.0217120182,0.303283781,2.11364055,1.35821724,-3.20289826,-1.31069243,0.584851086,1.71393025,1.24746263,0.745017409,-3.21039748,3.12075138,-1.41100752,0.856187522,-3.53390479,3.32697439,-1.30710113,1.88644207,-1.60060453,0.392947793,0.385150552,0.581613123,0.272848368,-1.58267438,1.76504457,-1.368294,0.599346995,0.448766381,1.38210058,2.60429716,1.30978096,0.774617374,2.98124671,-0.154628009,1.03185272,-0.319558144,-1.46593189,0.200342119,-2.76192951,1.45526242,1.13680673,1.83485925,-0.599945307,1.00300837,0.806207955,-0.644925892,1.02114975,0.0279882308,-2.18961525,1.31739795,-2.37124085,-2.3730309,-1.14650977,1.98665118,1.73527765,1.11503184,-0.557706654,-2.04560328,0.721695065,-0.762114406,-0.84450531,1.85752749,4.91221714,-0.761842132,-1.52541721,-2.14480448,0.00683868304,3.09395456,1.87230206,-3.04996586,1.90067363,0.620744765,-1.51958752,-3.52006459,3.25674868,1.05785227,2.14419222,-4.0943203,1.99322176,-0.623793602,2.32377005,-2.66247487,-0.738224685,-1.60709548,1.17971838,-4.49633455,4.1058774,-0.375241071,0.278113067,1.35063279,-1.71412337,0.898341417,-1.17186344,-2.57798195,0.165067747,0.396130323,1.97672498,1.19142008,-1.43833959,-0.00504787406,-1.23091924,-0.461555302,0.581844807,0.806988239,0.858483493,-0.52652353,3.04192948,1.07001841,0.86021471,1.10419095,-3.04113388,-2.30771947,1.18082583,0.00976048131,1.99287438,1.73475683,0.0122306254,1.49735391,-1.66378987,1.44647527,-1.44325745,3.00721431,1.98173952,-2.28389668,0.0250795353,3.83018231,0.609457374,-0.182327077,-1.0991199,0.652937651,0.915882051,-1.43310809,-0.338603944,1.68634009,-0.649749637,-3.45171428,1.76536071,0.471367031,1.85174549,-2.77251673,1.67129433,-2.2610743,2.30079436,0.846636236,0.9692325,-0.640402436,-0.408987969,-1.83945751,-1.94402826,1.74992406,5.11771727,-1.91669381,-2.64296651,1.36581826,-1.78766072,3.07240939,1.53080332,-1.8555057,3.37928128,0.505185723,-0.664747655,-0.732770324,0.496958941,-1.36278772,-0.316004515,1.50622106,-2.29980731,-0.60558033,-1.48923421,0.469276398,1.40240395,1.69892526,-1.98416328,-1.32142687,-0.116148934,-3.32531857,3.65417933,1.93238378,-1.18713129,-1.58778095,-0.420186102,-0.586304665,3.17406249,1.76029098,0.973567724,-2.48526812,-0.0438157916,0.845309258,2.54821944,0.308904558,-0.614038169,2.27370572,-1.3565017,-0.261839241,2.85380816,-1.12132502,-1.81363857,-1.30854237,0.867782831,0.262660146,2.54359627,1.04164851,2.49942398,-1.43580508,1.57594132,0.305601627,1.99440253,-1.1176765,3.01096749,-0.664134622,0.207266927,0.418588728,-0.474478006,0.999316812,0.724470139,0.993018806,-0.768599808,-0.133514881,0.221047759,-0.995656908,1.21543705,-0.87109077,-2.9212656,-0.922129214,0.100479729,-0.712619841,-2.06580091,-0.650664985,3.48679018,-1.94473708,1.48861468,1.88550389,0.841738522,2.19310164,0.488263994,-2.65742898,-0.780323863,-1.97312164,2.82013249,-2.08619285,0.474531531,-0.94407624,-0.29766202,-2.0969336,0.0270022135,0.988676906,-3.39250517,-2.45648575,-3.92759824,0.628323853,-2.7691679,3.03844047,1.51387775,0.0447755232,0.567626715,3.76024318,-5.73005438,-0.775722742,-2.98100471,-0.556405365,2.47989321,-0.644763112,-0.76882726,1.98833942,0.623016953,0.129841566,-8.03015232,2.20031524,-0.825105846,2.93567324,-1.52402651,0.678433061,-2.87128925,0.46114713,2.36210799,-0.855836391,-0.0631737188,-1.53845906,2.11889648,1.09844613,2.06977248,1.94171798,1.50733638,2.98005486,-1.41064298,-3.37284064,2.96445251,-1.08266318,-1.57673776,-2.60453987,0.95379889,2.3639617,-0.911383331,1.30017805,1.10875094,-1.1200906,-0.188915372,1.26717138,-0.933948815,-0.490913272,2.15906477,-1.11434186,-1.32429039,0.877712548,2.53825665,9.75642681,1.70211315,-2.93872428,1.08885169,2.85909486,-2.68507385,-0.830020607,0.514756083,2.55335569,0.344891459,-1.05751812,1.20365334,-2.65973687,0.302232713,0.0774609968,1.4200623,0.947893679,-0.525407314,2.25344038,-1.21503413,2.14292717,2.43515396,0.275508732,1.06601727,-1.2823956,0.583324671,0.375308245,-2.14669108,1.41744471,2.58223176,0.250320464,-0.266884595,0.750644863,-0.880463839,0.194284067,0.174931899,-0.239475742,-0.27483359,2.16548848,-0.670872271,-0.224487156,-1.47693253,-4.50484896,0.0765738562,0.278557807,-0.857975423,0.215909183,-1.63303232,-0.809880733,-2.49581599,2.90702009,0.637194395,0.546067834,-1.18047202,1.74813104,-0.812901497,1.53288519,-1.98590517,-0.721495867,-0.71369952,0.00743649527,-1.04970467,-1.74636769,-1.31970954,-1.34638262,3.05278945,1.00787973,-2.08169413,-1.09650147,1.35801625,-1.23361969,-1.92610431,-0.915584505,-2.61156821,0.0626499653,0.161258772,-0.666396379,-2.55763769,2.06334758,-0.407169044,0.237889782,2.07184362,-2.67956543,0.385837048,-0.476987928,-3.56014872,0.796681583,-0.709675312,2.45394754,-1.18192267,2.73323894,0.918518782,-0.161481768,0.383801192,1.20988011,-0.0588599965,0.484497368,1.77619398,-0.570416391,1.54553795,1.75480378,1.58021784,0.943048596,-3.16832352,0.608197629,0.264071375,-0.182310626,1.30898988,-0.231129512,-2.07037187,-1.40076065,1.17230856,-1.44024861,3.33089972,-0.226317823,1.22248459,-0.481257081,1.98453903,-0.562926173,-2.0613513,1.33760536,-3.67885113,0.830026984,1.36984849,1.29998982,-1.32096076,-1.5175513,-0.253267318,0.847704411,-1.24565947,-2.95463204,0.861276269,0.865519702,-1.26050913,-0.964981019,-1.31005251,-1.00606871,-0.924441099,-1.24739456,1.98835397,1.66070354,-0.783174872,2.61851501,1.04582322,-0.192768991,-1.21724033,1.87785745,2.03690577,-1.17467844,-0.315734982,1.2722857,-0.0521200374,-0.543786883,0.142138645,4.17671156,-0.706153631,-1.18306601,0.382463515,0.5581128,-1.05821741,-0.363514572,1.9829843,-2.95304632,-1.8802433,2.89550138,1.89572084,-1.74181104,-2.33523989,0.657142937,0.439109772,-0.338203996,1.38237786,-2.3120501,0.62795496,-1.55060875,-2.04898882,1.48932588,2.6352787,-0.0227942374,0.699831247,0.169963256,0.337875783,2.61505127,1.53384554,-1.02571917,-3.93514705,0.150323182,-3.72772026,4.67070436,0.107370026,-0.479483247,0.736945689,2.04446793,0.239496022,3.38292336,2.07238984,3.49349117,0.467371404,3.90646601,1.96903455,0.140374467,-0.377471834,0.185727566,2.92403793,0.890006959,0.737275958,-0.599009097,1.34440768,0.259686887,0.851918995,-0.151801378,-2.22427273,0.821933031,-2.44025421,-0.138782784,0.0194905344,-2.84318161,0.499403507,-0.702763259,-2.25960827,3.21641898,0.0682077035,1.01425707,-0.291954458,1.53328347,1.82557499,-3.04284167,2.13824511,-0.342604876,3.76337004,0.270313829,0.798559427,2.29963207,-0.770439029,1.13958037,-1.66315138,-2.98367596,0.76750344,0.2659145,-0.475380182,0.803342402,0.195437089,1.58212519,-0.375064939,2.23883605,0.227022216,2.11498904,1.14495194,0.670894444,-2.40950227,-0.0704739243,2.25623393,-1.02213383,0.767284334,-0.616789281,-2.54816532,0.916428268,0.222648934,0.594849646,-0.426625937,1.47444642,-1.94965684,-1.30004537,0.908657372,0.334398419,-4.5342741,-0.15815337,2.89583325,-4.18236351,-1.77679586,-2.27639627,0.959619761,-2.09351754,2.10651803,0.0993482918,-0.192343652,-2.75891376,1.82402945,-3.64220285,-2.77654409,-1.82317126,-0.846276343,-3.88312435,2.52113461,6.63963413,2.40640497,-0.123562925,-2.65340471,1.00122333,3.15652323,-0.966073871,-0.316640228,0.292082399,-1.80890739,-0.800712287,-0.985861778,2.32980585,-0.0828702226,0.895379066,1.93182039,-2.41934705,-1.49947977,-0.93445164,3.24396968,0.504749656,1.27417576,0.855607033,-1.83497846,1.66448021,0.204498649,-1.65516722,-2.31523681,1.86196804,0.506775856,1.45554256,-2.76085854,1.13741899,-0.517436862,-1.57301629,-1.23826623,0.978184998,-1.22821462,0.0768347904,-0.165900424,-0.745919883,1.4195627,0.476415813,-4.00985813,0.373405546,2.55554247,2.23726797,2.26453543,1.58634722,-5.04859304,-0.152181283,-1.28569889,-0.801449239,-1.30031896,2.56907606,-1.51825726,1.21986067,2.31879067,1.25567687,-0.415441424,0.97353673,-1.09904623,-3.95588088,1.47538269,-2.0545578,-1.80231512,-4.03105593,-0.399562627,0.368871391,-0.896622002,5.67647171,0.417221427,-0.38745299,0.924635589,-0.332620829,0.504342854,-1.1948266,-2.08401489,-2.39809108,1.52303743,1.32821298,1.51718271,-0.391104668,2.14894867,-1.07930529,1.37810016,2.55350161,1.21833384,-0.551461101,-1.510041,1.96422648,3.37751698,3.83093691,-0.526358426,0.498615056,1.13551724,-0.742740393,0.760837376,-0.288460314,2.34928441,-0.101679489,-3.18761468,0.847606719,-0.0893364251,-3.18632007,-1.58690834,-0.674214065,3.0585804,-1.56393516,1.13465536,2.47419715,1.06198871,4.62066746,0.1287705,-1.44075215,0.299515069,3.85596251,-0.0268667042,0.186369926,1.20743251,-4.55212069,1.24592769,-0.340752304,0.525823474,-2.47198629,-0.175697282,1.63649774,3.25937462,-1.09021819,2.73169923,1.42236114,1.06884205,1.97511303,-1.17572367,2.61813211,-3.62046552,2.08213902,1.86673152,0.881936133,2.11718965,-0.193780944,2.35017538,-1.88772905,-1.76821196,-3.4885335,-1.63150024,1.7202481,1.71269441,-1.24819374,-2.54545093,3.16370773,0.0242646281,-1.7255373,-1.53249681,1.15310943,-2.46700692,-4.23728037,-0.137843549,-0.180435285,-0.612804174,-1.37476361,-0.0472470038,-1.1979301,1.22613251,-0.491822779,0.413728744,-1.78559244,-1.45723546,3.82920504,-2.10843277,-1.87011933,3.0676899,3.34255838,1.16864729,-1.45214891,0.467039555,-1.59052968,0.290247202,1.40695179,1.18432295,-4.03608894,0.831654966,1.07691753,-0.397083521,-1.3877418,-2.90636826,-0.664589822,0.543688655,2.47004724,-0.13971974,-0.648207903,0.787384987,-2.72041202,-1.27010226,0.0036176634,-1.13097262,2.75557876,-2.39035773,-3.12753725,2.35136318,3.5596621,0.649232805,1.02693236,0.76687783,-2.12161517,-0.870206535,-1.39318001,-0.368725955,-1.83427978,0.557784379,-1.27108812,1.50378907,-1.75374591,0.902605712,-0.846347928,-0.534407079,2.44469213,-1.71221864,2.7506144,-0.216920599,-4.10090256,-1.16541731,2.50477171,-1.37168133,-1.54438663,2.15484309,1.34200275,-0.521999121,-0.679825664,1.594208,-0.507509649,1.76785254,-0.35828802,2.28022695,2.94326234,0.135882705,-0.980875254,-2.51113987,-2.10191727,0.618002594,0.918856204,0.581838548,-1.81965315,0.232796192,1.91687095,-2.77521229,1.20222056,1.82062888,1.59230697,-0.867188275,0.56243664,-1.43288362,0.840101779,1.63262641,-1.40619862,3.34852242,0.415369391,1.04405725,1.39697957,0.401294976,-2.66763949,0.657277584,2.35383821,2.53680062,-1.34457242,0.459252656,-2.64011598,-0.78267628,1.19766152,0.0191438477,1.93359601,-2.52827859,-1.45151365,-1.94952118,-1.6722877,2.14759326,0.205444738,-1.53496182,1.39765084,2.21594,-0.363357067,-1.53068614,2.36739564,2.31363487,-1.12517416,-1.33413172,2.97354198,1.47458482,1.56930149,2.82284117,0.236916363,1.02750015,1.58066249,0.791815877,1.50977087,2.38312435,-2.00407171,-5.56829214,-1.68680644,0.362905055,-0.241847038,1.10226917,-1.69645822,2.19917941,0.343199551,1.52107394,-0.246470332,1.22443271,-0.173107713,-1.05978489,-0.813573837,0.0458465666,-0.547530472,2.32679915,-2.06183267,0.191345125,-0.660840392,2.1346693,-1.64974189,0.0818215609,0.490894765,-0.860803306,-1.68265462,-1.75208724,-0.0291557759,2.01370072,-1.35954249,3.56222224,-0.036847502,0.817401528,2.3865428,1.43370509,-0.502996385,3.27986312,-1.27790439,2.904737,1.06532168,-0.780766666,-2.21188021,-3.65323997,2.21696806,-0.646726012,-1.79327607,1.99143243,1.70052421,-2.07605863,2.73480654,-0.733688235,2.71015549,2.25894356,-2.42302847,2.53444529,2.39200878,1.92108536,1.67174125,0.0606785379,0.886320174,0.356028259,1.4595257,0.563146472,1.31091321,-1.22212148,3.52805877,-0.298542857,0.930294633,-0.224943489,-1.03697324,1.95653474,-0.107836686,1.63887227,-0.733148515,-0.0946156308,-0.947632611,0.422431916,-0.0763068572,-0.88898015,0.453540802,1.80349743,-1.2067976,3.66797829,-1.66261685,-1.14141524,0.196060702,0.955130517,3.14653611,-1.54868567,1.56171715,3.11285877,-2.74402571,-0.386354834,0.177399009,1.10643315,1.69072366,0.766254723,2.21499395,-1.3228941,-1.14180624,-2.29394627,1.32066965,-1.03409374,-4.59172821,1.04282677,0.749893188,0.898627877,0.739872038,0.472192168,-2.01441336,2.72356153,-1.28682935,1.60645127,2.37461805,-1.12169147,1.35412669,0.72523427,1.84769177,-1.58247542,-0.00973651465,-1.9510802,0.228481352,0.873281598,1.87270677,-3.66056323,-1.21178389,-0.406927854,1.33501875,2.06087518,-1.12052846,-1.56898785,-1.48260534,-2.85455608,1.51470053,-0.908119082,-3.1869204,2.88119316,3.74154997,0.339015305,-2.96893024,-1.2683562,-0.401917607,1.05537331,2.96940613,0.463279396,4.94159794,2.04083586,2.33836937,2.58382583,-0.34038195,-0.434628397,1.32427967,2.73301244,4.22896242,1.325207,1.48761499,-0.115585223,5.70627022,-0.604044795,2.67807555,-1.12863314,0.833502114,0.669350147,2.30256462,3.99446654,0.408568323,-0.0930931643,0.837209344,-0.60497725,0.322176546,1.15697706,-2.57243371,-2.87938666,-1.48237491,-1.14093089,-10.4595327,-3.33179522,-0.889590442,-0.193111598,-1.84866238,0.682992637,-3.19261622,-0.806245565,2.99591231,-1.32433867,-0.222891688,0.248441145,0.198042274,0.0473591648,-0.206050321,0.106887244,-0.181799188,0.732248127,0.103850245,-1.25554383,1.61698937,-2.16721582,0.0197444521,-0.867111206,-3.13652897,1.26532114,-0.275107026,0.146359116,-1.12312448,1.14173532,-1.1447109,3.04400158,0.600356877,0.810578287,-3.2145946,1.1773206,-3.53440332,2.34593344,0.450133204,1.1751349,-0.885085762,0.187268317,-0.390521109,1.89613712,3.51562834,-1.81215477,0.712295473,0.0276795793,-1.27129591,-1.16347969,2.04756403,-0.755267143,-1.21200383,0.476262301,-0.563557863,1.72637093,0.680966914,0.66004467,2.48439407,1.05486965,0.967506588,-0.537087262,0.927383184,1.53825891,1.1805439,-3.56127524,1.96143949,-0.487077653,1.15921807,-0.72019434,-2.03191924,-0.016423516,1.04036033,0.389809042,3.26850605,2.08762264,-1.58598375,3.33196139,-0.440055966,0.0988921151,-0.590435445,-3.08137989,1.56676781,-3.32817674,1.88389027,3.49095297,0.0548304021,-1.36246908,-1.77970433,0.12254554,-0.216229513,1.26167727,-0.0534841008,1.84738338,0.351578772,-0.682142973,-0.367096364,0.190339208,-0.204181954,1.39600492,-0.69852519,-1.01229978,0.191604912,-0.208682403,1.88850856,2.24771643,2.64342284,2.27414918,1.62557125,0.993827343,0.234329835,-0.983669281,2.52677798,-2.02977538,2.90936542,3.51814818,0.979441226,2.29175544,0.504928946,-4.01576614,-0.118121937,-1.2404952,1.29564893,-0.130253419,-1.26205516,0.693021476,-2.54577255,-3.21086454,-0.788341165,1.88758993,-3.18179822,-2.84386468,-13.7538252,-0.597570062,0.250777334,-3.40872169,-1.32157445,3.31983209,-1.37858105,0.0914465636,-1.71687996,1.09740877,1.63965619,0.438815892,-4.29816103,-1.10187352,-0.208819062,-0.742384255,2.17440724,1.33301842,-1.33488023,0.556944251,-1.03788662,3.606565,-0.975253284,2.59784079,-1.05428529,-3.02445793,-0.932594121,-1.98634076,2.05219984,0.644619763,-0.73848635,-1.25583375,0.118800424,-0.169346511,3.59340835,-0.0557271615,2.48559856,-0.238365605,-1.489622,-3.83033204,2.84580255,1.09727001,-1.39289033,0.251279444,-0.61626327,-1.49584675,-1.19252419,-0.694791377,2.7226944,1.46246386,1.3251251,-1.17944419,-0.483008981,-1.652318,-0.487974346,-3.11733389,0.264831811,0.260783941,-2.59411621,1.83157313,-0.737176955,3.20336008,-0.26349017,-0.269868314,3.95162225,-0.906100631,-1.37766445,3.30119896,0.448091805,-0.55858779,3.0375967,1.29638672,1.11689568,2.14243793,-1.33663797,-1.07126248,0.73191148,0.791369736,2.07560611,-0.155125961,3.55208135,-1.33973217,1.34703064,-0.931521714,4.33223724,-1.53328776,-1.53753293,-0.717239499,0.754740357,1.89416695,0.453133523,1.59342539,-2.84511304,-0.592432797,1.03629732,0.134316906,-2.69076204,-0.587512136,-2.92592025,0.36223042,1.53933072,0.234695375,0.0669040233,1.0467397,1.80733931,-3.05216098,0.288232654,-0.590716362,-0.976768017,1.37670636,0.0679635853,-0.302239895,-0.15081802,-2.18519759,2.56206226,3.70599937,1.73978746,-3.55717659,3.20213556,1.41263163,0.627018213,1.59016299,-3.5267148,0.883835733,-1.15289223,-2.11584044,1.21497929,-1.40215635,1.55629897,0.337697715,-2.65790868,-3.66864777,0.369759083,0.97160399,-0.293351531,10.8685799,2.85321093,1.09874558,3.20535707,-4.49379635,-3.04798436,2.19833708,0.87300539,1.27398932,-0.647368371,1.38351798,1.00244105,-0.713607728,0.902850807,0.574524879,-0.789676309,0.0389044993,2.48892665,1.60458636,2.57919931,-1.618168,0.50665766,0.208742708,-0.186563656,-1.99677134,1.84092796,2.6865375,-0.0666364431,1.42014074,0.0323137343,2.54008341,3.31018496,0.120062128,0.645564139,2.21242189,-1.30025792,-0.0944372788,-1.36413825,0.0731840059,2.67728925,-0.249085933,-0.542797208,3.02538991,0.396342456,0.973936796,-1.41134977,-1.9924041,1.34542978,-1.88210595,-1.81015897,7.78864527,-3.10808873,-0.790924251,1.11099029,0.82699734,1.36769629,-0.364941776,0.0530074723,-1.55550265,0.909846246,-0.308572322,-0.744818807,-0.475437611,-0.0596105568,2.04836702,1.22729504,0.630915463,2.13337493,-1.25940657,-4.79377317,-0.116297424,-0.167344257,-0.461670518,3.06816101,1.21187842,-1.07480896,-2.470191,-1.63818157,1.08290124,-0.960705757,-0.211478159,-0.0689146742,0.964703262,-3.48140574,2.07330227,0.42149362,-0.349152178,-4.50842381,-0.589331567,-0.275311857,1.7202661,0.586321354,-2.21201825,0.383029431,-1.17567098,-1.06292093,3.04756355,-0.326669484,-0.374789506,0.977244258,0.136619046,-0.7435202,-0.655085564,2.39938211,-0.134848565,-0.432551086,-0.528087199,0.561540425,0.260306776,-1.58067465,-1.34540713,1.70457852,-1.01949692,2.14715624,-1.65243375,0.2281297,-1.91048527,-1.86983109,-0.195016667,-0.96895951,0.137445197,-0.210451737,-11.8966236,1.33295369,0.0625744015,-2.10410976,0.316847265,1.27174461,0.952159822,-2.63182449,3.07948327,-1.31518316,-0.837991416,-1.15084767,0.959923744,0.140764013,-0.20169355,2.31272507,0.957349181,-0.0942881182,-0.120300733,-0.900835931,0.236896902,2.60391998,2.54270697,1.47311747,-0.306113541,0.535932899,0.163813457,1.21581209,-0.365192056,-0.529636085,4.66914558,-1.96565223,-1.67259657,-1.51693356,0.287838608,-0.696724951,2.27091503,2.2644887,1.72709978,1.76700616,0.0165640768,1.16151011,-2.44067788,0.656374216,-1.27689886,-1.18949819,1.1350621,0.00981571898,0.0833712891,-0.142817214,0.364918053,-0.264748603,2.15124035,-4.25491333,-2.13941336,1.58828104,-1.0951463,-1.69697356,1.35565627,0.0513495915,-0.102538288,-1.15116441,-0.0856430754,0.0952886194,-0.00600497331,-3.01525283,1.8669908,1.62771559,0.505268872,4.02907753,0.129116923,3.13375854,-0.981434464,1.15581071,-0.820896566,1.36581981,-0.936227798,-0.260867357,1.83131993,-0.406986833,2.66587234,0.567428946,-0.958631039,0.396522701,1.62923145,-1.76769686,1.83764124,-1.91493881,-3.31873083,-1.04755771,-1.07233596,-3.25405073,2.34417176,0.663795829,-1.57817268,-2.5795784,0.853721976,1.22585678,-1.13120103,-1.15067315,2.95602632,0.439168334,1.4402256,-2.98184657,-1.03057098,0.716966033,-1.89628136,-1.06808686,1.37822819,1.15835083,-1.60442913,-3.98496246,0.332086444,-0.85436815,1.04998434,-0.230660796,-0.312053472,-3.40368104,-2.51107001,-1.36499977,1.22187269,0.218531057,1.46978068,2.23965049,2.65658426,-0.484129518,-3.48490214,1.65933847,-1.94595051,1.94635451,0.408701301,-1.08947361,-2.40613389,0.538770795,0.898019254,0.212136671,-0.611666262,0.70510745,-0.545581579,-0.396879256,-1.39262688,-0.294807792,-0.274529785,3.14614415,-0.898500681,0.251448989,-1.94935381,1.05945456,-1.11490273,1.01819813,2.19641542,-1.61373401,-0.439886957,2.02161813,-0.6352458,0.00424150564,-1.3637253,0.660063446,-2.03985596,0.209806532,1.49947965,1.7874074,0.934659839,-1.40569854,-1.1025362,-3.87993455,-0.650332034,-1.30710077,2.12536025,2.69659424,-2.85264492,1.30570734,0.867547989,0.372447044,0.849933207,0.188052565,-0.00418482907,-3.6158998,-2.84374523,2.31711054,-0.868346453,-5.88195229,-1.61402059,2.3842957,1.41683519,0.375212163,-0.333591998,1.04137933,0.281645834,1.02089095,-0.652051747,1.94360113,-1.5858835,1.89719689,1.16887486,2.43474698,-0.680537939,3.8289938,2.94595242,1.41419601,0.75454855,2.9867909,3.60676146,-2.37177587,1.81557393,0.164789811,-1.31763029,0.20717831,0.979234755,4.24796009,-2.59345794,-0.495021701,1.20745349,1.50609446,1.36438799,-2.01994801,-0.349612266,4.33186531,4.08756208,3.30006361,1.12890422,1.73227322,0.103627294,1.28823602,1.44161844,-0.458683163,1.08418357,3.39146876,0.889741302,-1.19276071,0.998837292,2.24635625,-0.945215583,0.189677104,-0.506637931,-0.572769344,0.51606071,1.51846659,0.133009315,0.363088965,-1.31135809,1.24804091,-2.93735337,-0.259852588,-2.71307945,1.0665524,1.56546593,-2.43107605,0.79389894,-0.256954938,0.070030041,0.531389594,-1.24829149,0.430845469,-3.46027875,-0.803290188,1.65133381,2.82045722,0.315366536,1.32862806,0.713680148,-0.876266658,-2.6182344,-0.833886325,0.200858951,1.0544461,3.3398509,0.36757195,1.33369923,-1.03865719,1.99461651,-0.894640684,1.64025366,-1.60718918,0.0801570714,-8.51999855,-0.42594561,0.937362909,2.06659746,0.150172204,2.23609996,-0.888349473,1.00946355,0.422527999,-0.495511383,0.264571309,1.5487206,-0.170086309,2.156914,0.336721152,1.99891818,2.98933983,-3.71796012,-2.03921151,-0.212202758,0.734687865,-1.10381532,-0.940956712,0.501057744,2.73426819,-1.63724232,-0.076424174,-1.00526834,3.46611452,1.9306457,2.74860835,0.0098231053,1.7426542,-0.797739565,2.54926848,1.79213452,1.94928432,-0.348355889,-0.829773426,-0.710147083,-1.20743012,-0.640176833,-1.73141718,-1.79058838,-1.07649899,-0.882520139,-1.77467108,1.11580408,2.40639353,-1.30667377,-0.638528109,-0.0309647862,-0.162899837,0.0390750282,-2.6737411,1.47792244,-1.48724163,-2.14877462,1.6877594,0.158127546,-0.314981133,0.315506577,0.724481165,1.40932751,0.115511678,-0.0794124678,-1.73224771,-1.94030786,-1.88974118,-3.70944619,0.501592398,-2.52843976,-1.20127618,-0.917070329,0.674888313,3.20801711,1.53053284,3.28719997,1.43562293,2.25708079,1.06583595,0.28211382,0.953594387,-1.51151812,1.73909426,-0.0984756574,-3.00193977,2.3514452,-0.532525718,0.836930096,0.470974773,-2.67765045,1.17227757,2.47955847,-1.5657413,0.297150135,0.446470231,-2.03041792,0.715713859,-0.677234471,2.03198576,-1.26868105,-3.40478921,-1.25654459,1.06876242,-0.344418496,3.66023779,-0.275111318,2.93721128,-0.876320958,-0.201338872,-0.19076553,-2.00101399,0.874515891,0.318407744,1.12912917,1.32361293,-2.451401,-0.968820155,-0.267213881,-0.939316511,-0.845359683,0.577977777,-1.68347716,0.764484227,1.40000379,-1.0434289,-0.455757111,-1.22105157,-0.212822109,-1.07580137,-1.38497996,-1.79178262,1.50937831,1.30128431,-0.851620078,-0.828818619,1.26668072,3.70032382,1.80422783,-0.66661942,-0.316911459,0.176995397,0.0499322191,-0.722434044,0.262248099,2.62063956,-0.276740342,0.245114669,-3.51325822,-1.94370818,-1.3550061,1.96787119,-1.20310569,-0.263187736,0.0443421081,0.659488142,-2.38666034,1.81435263,0.347571999,-0.320563555,0.432532609,-0.0120406318,0.764911652,-0.47808215,2.53693271,0.382157087,-0.599304557,0.324961662,2.07836628,-2.1798954,-1.08378243,0.583136499,2.57593727,1.39027512,-1.39570332,2.49770093,-0.324426204,-0.865636587,2.66825795,2.76846075,0.704910994,-0.288669467,1.48137343,1.49224138,3.13010144,-1.62990367,-1.87107098,-0.69230926,-1.00259471,0.0788182318,-0.669883966,1.57836235,0.208892956,0.981740654,0.663860738,-0.0383429192,-1.85024118,-2.07834125,2.18998766,-2.11455369,-2.19362736,1.81874812,1.69762337,-2.07561207,3.49881625,1.58192277,-0.702809632,-0.55804038,-0.384547144,-0.238766879,-0.604663789,0.922623873,0.997894585,-0.324169457,1.7793597,1.34469545,2.57239699,3.88128376,0.319406986,1.0868274,0.2315557,1.16142392,2.5284133,-1.91105199,-2.16119027,1.47946382,-0.710607171,-0.599264026,0.672271132,1.99441075,1.76838648,1.96519458,1.0864749,2.84336376,-0.157450899,0.740252376,1.62664294,0.636951387,1.24231172,-1.0088768,1.00400221,-4.00043058,2.44244814,-1.74376619,1.30712593,3.79506302,-0.244208097,-1.29692614,-1.71549964,1.47664344,-0.223299667,0.416100472,-0.289872706,0.552126348,0.20056136,-1.01867032,-2.68413973,0.258895725,1.04101372,-0.500278771,-1.23100483,4.77745581,-2.38050175,0.722391248,0.154527053,0.000248685043,0.0299275815,2.25067711,3.8150363,0.845330834,-2.71107626,0.43754673,-1.09017706,2.65244365,0.563022077,-2.61312461,1.86574912,-0.152914405,-0.133868694,-9.34822655,-0.485927135,-0.645322084,-2.77633643,1.07725966,0.514687598,3.69760656,1.59490407,0.739820004,-1.39432192,-1.58549261,1.68049741,0.51075685,-0.172981903,-0.882862389,1.00262022,0.683394074,3.10188007,-0.523163676,-0.753078163,1.32557011,0.115892597,-1.24618232,5.03852987,1.11879802,2.79362988,-0.243951485,0.539995193,2.55733323,0.413204342,-0.827485502,-1.58309436,-0.834050894,-0.233898237,-1.19330013,0.494778067,1.00768209,1.00874412,-2.00181937,0.393350005,-0.0509229153,0.74864465,1.58471859,-1.53215587,-2.1870718,2.89334655,-0.336565852,-1.91944611,-1.0391438,2.12855935,-1.49976695,2.4848392,1.9800787,-0.463657558,-1.1249603,1.80272698,-0.950777352,4.02128696,-1.03395617,-0.215516865,-2.70220351,-0.711001575,2.64911485,0.620731413,-0.0459255688,-0.385447383,1.79695404,2.83876133,0.738152742,0.46800831,0.82584399,-1.61654282,0.392810047,-1.15925086,-1.00480556,-2.93243098,-0.424656868,0.635822833,2.32427192,1.40095079,-0.679573596,0.550913572,2.13498282,0.996826887,2.81199026,-0.380852103,-1.07696903,2.59178162,-0.995469987,0.576866388,0.0369544923,2.7724607,-0.83543247,2.23081541,1.48343897,-0.868251801,0.144743636,4.4034996,-2.45597911,-1.1921351,0.152929053,-2.63216519,0.546434999,-0.66422832,0.130009592,0.489076793,1.07105684,-2.17727375,1.71199775,1.7247535,1.07820833,0.616793513,-2.06304121,1.80714965,-3.17017603,0.946200669,0.572241724,2.02563906,-0.178780228,0.275481164,-0.789043844,0.619686663,1.70966733,3.56980443,-0.694000244,0.332079977,-0.314932019,2.08512735,-0.129018053,0.660678267,1.06324863,2.36370158,0.11186444,-2.15375137,-2.13777041,-0.512857199,-0.599743903,0.492918521,-0.300064087,-1.87451828,-0.857815623,1.13544548,-0.396437734,3.07680225,-0.718759239,1.11763299,-0.0176027473,0.515270114,-1.71885419,-1.21138799,0.530423641,2.97583055,2.13631558,1.38821638,1.9295001,0.979074419,-0.284596562,-0.348668754,0.910183847,-1.78152978,-0.919511557,-1.25528765,-4.84498072,1.42473423,0.82840395,-3.43182421,1.57908201,0.149226457,2.67253828,-2.21877098,0.411723316,1.18666685,-2.27580786,3.11041546,-2.01986432,-1.82539821,-0.134238273,2.74336505,1.51685953,-2.94623113,2.60130024,-1.15417504,-0.326953173,-0.137293696,0.431179106,-1.92110181,-1.41389728,-0.764682353,2.64513087,-0.764981091,-1.98479044,-3.91753888,0.682645321,1.28465509,-1.3579917,-0.961380839,-1.52767479,1.15220404,-1.72931886,-0.654607654,-0.982967079,-4.56788111,-0.291905493,0.936793566,0.446315199,-1.05970848,-0.639446616,-2.65326095,-1.58846021,1.19658375,2.893821,1.58332324,-3.39762402,-0.363753229,0.750916421,-0.211139426,0.721018076,-0.373587489,1.72758436,1.21664929,1.0619148,1.279127,-1.16346872,1.97294998,-1.10771441,1.50608349,0.744441926,-6.65203905,1.84266174,0.568093419,-3.34141588,1.10958266,2.15126872,0.365638524,0.291642994,2.06162095,0.0539684817,-0.121974446,1.56209064,-0.54853189,-1.92584181,-3.44108725,0.723931253,3.61346936,-0.641405702,-1.04618716,-2.40193605,-2.37167931,0.856507838,1.83834898,-1.40930581,-0.11046733,0.556404412,0.317860395,-1.77797961,0.93726635,-1.60156333,-1.74893618,1.75548184,1.89180529,0.577604532,-1.71831524,-1.31913626,-0.553448796,-0.392939121,0.30670923,0.992361963,-0.978655279,-1.87763584,1.29746103,2.58632827,0.107851766,-2.16091537,2.46691322,1.2105087,-14.2152281,1.87767565,-1.82050061,-0.147166014,-0.876801014,-0.22881934,2.05659175,-1.48929584,-1.35228574,1.58821714,5.11222076,0.273351908,1.71985483,3.30381894,0.223569334,0.0976551846,3.19549775,1.14061809,0.834263027,0.298661411,1.17998862,0.209102347,-1.42375481,2.86417413,-1.89614213,0.434489161,-4.86937809,2.22833204,-2.51327395,-0.0795862451,-1.15729916,1.00657034,1.38533843,-2.85753059,0.731328785,0.765919566,1.88596404,-1.85231364,1.58202493,-2.67320395,-0.00252467184,-0.293263197,-2.95593786,0.837934315,0.339757681,-0.0607108437,0.263791084,0.442198455,1.16617095,-0.541879416,-1.81993842,-0.542726815,1.45259786,-1.85081124,-2.08705735,1.6980902,-0.684890807,-0.667039454,-2.44354248,-1.47548032,3.31662536,-0.713177264,-1.09119833,-0.407705665,-1.17820561,1.28429341,3.21521258,-0.0515663624,4.66787434,0.820722103,3.77796841,0.958859146,0.153854519,1.18157721,3.32533455,-0.590403855,-6.10820293,2.3812511,-1.51672769,-1.40974724,0.406306028,3.9902277,-1.01880372,2.17189121,-1.22689271,2.07129097,0.845968366,-3.62458968,-0.234328732,-4.24448395,0.549126208,2.3501811,1.15075696,-2.18477941,-0.142636046,3.17400479,-2.23194551,2.11547709,1.55858183,2.18796349,1.99660993,0.494100124,-0.506475151,2.20843315,-0.218927637,1.64071333,1.07847524,-1.79128921,1.20429277,0.301572293,-4.16115332,-1.12662435,-0.0514519028,-0.573136687,-1.18895149,-1.56779444,1.36145067,3.04904771,-3.21135068,0.719004512,1.92466474,1.30644453,-2.02437329,1.86129808,1.25830889,0.422375917,3.08346224,0.335467935,0.579008639,-3.32533979,3.15049505,-0.525083542,1.54174197,-2.15768957,0.839119673,0.0829126984,-0.940270126,2.10660529,-1.07287717,-0.57086432,-0.19424054,-3.35600233,2.5720973,0.0389962681,3.14865899,-2.51258826,2.40835953,-1.40051496,1.55658448,-3.39702153,-1.37374818,2.49249983,1.76383531,-1.65715969,-1.5570364,0.201408803,-0.673396707,-1.08489025,3.11852908,-0.747785211,1.02151763,-0.346414685,-2.43753505,0.527827322,1.82207131,-2.41941881,-4.0320549,-0.211259633,-3.30508375,1.31666088,3.89842153,0.171993732,-0.582971513,0.897650242,0.504312694,-1.40420544,0.616653383,-1.12704086,-0.0435691029,-0.966237903,1.16305351,-1.46316397,0.762559116,0.674687028,1.22711957,1.30811203,1.11962688,0.0493169688,0.347717464,-0.451832563,-0.0898209065,-3.14448166,-1.90523076,-2.20278168,-0.0532828569,1.56182659,-2.05602503,-0.127039865,2.29414654,-2.64624882,0.117647476,-2.49320531,-1.03422582,-1.04084527,2.49680376,-0.800624788,-0.549347043,2.37081981,-0.237524375,3.55644989,-0.256383866,3.57960224,-0.795026779,0.274720132,0.566626549,-2.98637843,-1.45952535,2.85989046,-2.18775916,-0.662821531,-0.405598402,-3.38424039,1.21682525,0.573864877,-0.219426945,1.54020703,-0.0672970936,1.23921835,0.384507596,-0.0854859948,-2.72748923,-3.29948926,-1.6381551,0.282290936,2.23987675,1.20504904,1.25397968,2.90468335,0.385175049,-3.23532534,-1.14831293,1.72105157,3.79741693,2.15739894,-1.13358033,-0.349598348,-1.00067937,0.755713761,1.80172372,3.56582427,2.37684059,-2.72925925,1.22939587,1.02069867,0.0038026697,-1.53999591,-1.15238595,1.10226071,1.16727424,1.52650189,12.8128119,-3.43008924,-0.758195937,-0.693071544,-0.0506496765,0.276924998,2.32721376,1.0081104,0.559494197,0.407356948,-1.11300361,-1.46223342,-1.60063887,3.09293365,-0.485297173,0.0125853457,1.71006513,0.191246301,1.09675229,1.46346748,-1.06965923,1.5591265,-0.840997398,1.35914969,0.626943827,-0.420050621,0.779663563,-2.68843794,0.701843441,0.752150953,-1.76676726,-0.0529681854,2.75346684,-1.56350696,-3.58277702,-0.737575412,-0.0148447221,0.74084419,-0.237823159,-0.935291588,-1.40279555,0.331204563,-2.15105247,0.318519294,0.477663428,1.45671237,-2.35577393,0.767972171,-0.300359547,-0.338218033,0.0774130002,0.665542603,-1.95506465,0.207303718,-0.867226601,-0.620931089,-2.41248417,-0.995074809,-1.01179409,-1.69044113,0.199195713,0.75328964,0.589043677,-0.93452704,0.979272604,1.1689117,2.4796629,2.40467572,-0.254916817,0.447924137,0.742041886,0.348941922,0.916686594,-7.1125865,0.927499235,0.710353613,2.85211682,-0.431623101,3.28767347,-1.44186103,0.646019876,2.25486326,2.53888202,-0.182832941,0.209269002,0.683279574,2.92436242,0.506707191,2.79787421,-7.31417704,0.508126616,1.32940722,-1.78581214,-1.58448255,-0.332672268,2.94722319,-0.0328706279,-1.0806185,0.0380241908,1.47533464,-1.69466114,0.452439547,-0.0448600501,-0.233032137,2.39181566,-0.860350072,-0.0272609685,-0.699485779,0.61595583,-1.38390207,-1.97281981,-0.0101719387,-2.63638997,1.39647377,-0.936830759,0.893332124,2.57880282,-0.950954556,4.08768702,-0.433215052,-1.415797,1.33979797,-1.63085377,1.12704194,3.13168883,0.0258528311,1.62662113,0.809050143,-1.92374337,-1.62670839,-2.09105921,0.722913682,1.91289318,-0.275379211,-3.97406888,-1.71552765,2.02516651,1.04371703,-0.272588253,0.783970654,-2.26072788,1.29993939,0.714358509,0.646344244,-0.849273503,5.34627676,0.832261801,-0.973542988,-1.35407579,1.67780161,1.02037203,11.493762,-0.295240581,-0.147971705,2.34331393,0.39711535,0.794421852,-1.17508554,2.54302979,-1.61595798,-0.22071895,-1.48801351,-4.03708982,0.693603992,0.874597907,0.197540477,0.0476023145,0.663675189,1.69991863,2.03989983,-3.25763631,1.67743015,1.13267267,-1.28244138,-0.0918469951,1.3956908,-0.635004044,-14.3819113,1.42122054,2.63457203,1.80370319,1.80725086,2.07110071,1.20973814,-0.0372428596,3.16966224,1.04239368,-0.421109676,3.7473321,-1.72209132,1.58202124,-0.369075984,1.72488511,1.43654275,0.0169161614,1.54732347,-0.675774872,-1.58087039,-2.02139735,0.0698117614,-4.60880089,-1.86432636,-0.456908137,-5.44441557,0.52389133,0.560601473,-3.06987619,-0.175326928,-1.25423467,-0.797661304,-2.35419655,1.95918524,1.18711483,0.2386325,-2.50371289,1.94098604,0.101376839,1.43421519,-0.17484796,1.46748734,-0.900734305,-0.54931742,0.913365901,0.414233148,2.66424108,3.86094284,2.52601361,-0.0343721285,-8.44479847,0.785100043,-1.78112018,-1.979159,1.21572971,1.66890991,-0.129829615,0.636345029,-6.70210743,-1.57651162,-2.39541531,-0.47364518,2.5473175,1.12706399,-1.56533682,1.09045231,-3.83632517,5.43049049,0.487395346,-1.09797621,-0.0978408158,-3.05354595,0.572402596,1.11133635,-1.7895875,-2.31136823,-6.11438417,0.661767483,0.528890312,1.32948852,0.281546324,-1.94505477,-0.147894114,-0.526594281,0.494696617,-2.10636377,-1.55280685,-1.85846055,2.7721765,1.10802221,-1.46184313,-2.64774442,-1.4662503,0.510822833,1.13331604,1.13729274,3.40781975,2.32632923,-1.43789995,3.38590145,0.468123883,0.574057996,0.651579082,0.520225585,0.905173719,-2.36715674,-1.15085685,0.745016932,-0.659035504,0.763133466,0.348581493,1.92662251,-1.33859706,0.200980827,-1.60916412,-0.250122815,-0.680406392,0.601614833,-0.0343311802,0.850040913,-1.4209913,6.93626213,-0.371750325,-1.15074146,-0.683854997,0.73086977,-3.71001029,0.0384489745,2.42477655,-1.11065626,-0.0120630059,0.481076956,-3.44240761,-1.0884316,1.38658619,-2.31290936,1.52109814,1.3239553,-0.4893893,-2.65998197,3.73395681,-0.622572124,-5.30180264,-0.486384749,-1.97040319,1.06795645,2.52944469,0.436031163,3.02951789,3.54225397,-0.93480438,-2.09506273,-0.206541464,3.79678273,1.01586294,3.41362381,0.11098288,-0.950422764,2.88429165,0.910851777,1.61315167,3.28772807,2.8321209,-2.45490432,-1.4558028,0.880677819,-2.17407179,-1.51297379,1.00236273,-1.17078543,1.23703456,-0.70976299,1.44789743,1.20111918,-0.913512468,0.223082989,0.856506705,-2.87617373,-3.31773949,1.09385502,1.63867545,0.131636336,1.42844534,-0.742573917,-2.95643139,1.06212413,-1.79773998,-0.739110708,-1.63006258,2.13467574,-1.98095882,3.75755191,-1.08911812,3.89154649,-0.174528822,-0.344009578,1.17162037,1.23578382,1.54003966,0.962164521,2.97149062,-1.11017752,-2.42147779,-2.55841374,1.44124258,-0.21060507,1.69429135,1.09238195,3.90803671,1.04655874,3.111377,0.482470572,-2.17881441,0.291159302,-1.76265466,-0.891328514,0.227443889,1.84021914,1.71771145,-1.33121109,1.34031057,1.46764469,-4.42645597,-2.97757602,0.182878673,1.52185595,-0.142278686,-0.600904942,0.706744194,0.844228029,1.1000855,-0.221238166,-0.742547512,-0.470055133,-0.149173781,-1.78310323,-0.322171688,-1.40939248,0.963305831,0.852965653,2.79733157,1.05173981,1.98297668,2.28689909,-2.80376935,0.244860679,3.23061109,3.76359725,-0.184290335,0.973268032,-0.171486378,0.181575522,3.25170183,-0.432318896,1.55972099,-1.46800828,0.181702524,-3.6646893,-0.0339020938,-1.01531768,2.1422956,-0.537783682,1.24221206,-1.2598474,0.6308676,-0.00186904788,0.251798749,-3.06978583,0.0723001584,-2.75973487,-3.12019229,0.130763918,-0.803878009,0.765954852,-1.79639232,-1.85124373,-0.303084612,2.20136809,0.534075618,1.07065225,-1.24867928,-0.0666607097,-0.728497744,-0.35277161,-0.874573171,1.25506687,-2.58746099,-0.818596363,-1.49879873,0.918563724,-0.249797314,1.68252122,0.554882109,-0.132806405,1.76073146,1.18068826,0.245006263,0.739282846,-3.52428365,1.06261432,0.739952505,0.216679081,-2.87168479,-1.48351943,-3.72584033,-1.08692014,2.49581695,1.08108103,-0.510371089,-1.06355834,0.353608221,0.767430067,-1.89221942,-1.98236346,-1.16851699,0.0915851519,-2.30670047,0.798658907,0.434852898,1.38615,1.30066824,0.147197664,0.367758334,1.13750899,-1.7547214,4.58430672,-1.00166953,-0.414151788,0.444222361,-1.03727019,-1.08156848,-1.19506502,1.16329706,-0.582153976,1.03241348,-4.00149632,-0.741804957,-2.30879283,-3.41835475,-2.37116289,-0.812668025,-0.190088868,-2.18086052,-3.44125938,1.67788613,-1.14610875,1.06210363,-0.861114681,1.27843297,-1.29191434,-0.619865477,-1.85336709,-2.13723207,-1.38020945,15.4109335,-1.81205499,0.114940338,0.256729215,-0.990625024,4.5426774,2.90576458,1.08123147,0.230522409,2.40210605,2.22526789,2.54923248,-2.33003473,0.104958758,0.00447675167,0.837264419,-1.46118069,0.853475332,0.383309126,-0.726431906,-0.725603461,-0.609136879,-0.808602631,-2.25099254,0.758787513,-2.0189116,-1.01501548,-0.243993148,-2.60180163,-0.247730732,2.4544332,-1.63401103,-1.36959314,1.80110371,-0.0751980767,1.75771701,0.711372495,2.65779996,-3.15147853,-1.64796817,-0.296936691,-2.42285132,-0.131048173,-0.649358869,1.19699883,-1.92028213,0.137876347,-0.326626748,-0.191795617,-1.35523808,1.22127223,2.90172744,-0.0336538516,2.15968418,1.78076172,-3.17276645,-0.0822566748,1.28540647,-2.30062747,2.62314177,-3.56040955,1.23038912,0.222868577,-2.32566428,4.96450329,-1.9616611,-0.202178091,1.47639465,-2.77650547,-1.38746095,-0.201916978,1.22871685,2.29898882,-0.116711266,0.143181264,3.23777699,-1.12114239,0.212196529,-1.85728562,0.514945447,-0.181915745,2.58793306,-0.190231144,-0.100903615,1.19728518,-1.78929126,-0.245136291,3.91829157,-3.19569945,-0.000258533109,0.953630745,2.8971262,-0.750386,-0.158643261,-1.91781187,-2.97018003,1.55523825,1.81879413,0.110883594,0.27413255,-1.25902057,-1.46654665,-0.757821321,3.1327486,2.99572635,-2.50368738,-1.64958596,0.750092864,-0.75758934,2.46229291,3.02427554,-0.801552773,3.58082318,-1.68368185,2.87398171,-0.197244048,-0.165909827,-0.019738026,4.53936958,0.731297493,-0.753475606,1.40152669,-0.757504523,-0.968533635,2.79216766,-1.72405851,1.27323568,-0.150201917,-2.50271893,0.130213708,1.1315906,-0.881386518,-0.840232611,1.71771157,0.808940351,1.70844257,-1.00177813,2.48775244,-0.363339037,4.42744303,1.78765881,0.495898604,-1.81660783,-1.45534992,0.0296988636,-0.668683171,1.44099629,2.69665122,0.707777202,1.0248028,-1.37028062,-0.0203142017,-0.576760828,-2.10981107,-2.05161357,-0.512391806,1.79337275,-0.789493024,2.9601047,-0.609644592,-0.317571372,-1.88719642,0.342402875,1.44281626,2.5817976,-2.92399669,2.24782681,-2.22813654,-1.6958977,-0.157865927,1.16209388,-2.93444347,3.19102764,-2.26273751,1.5967654,0.532596171,-2.81314707,-0.956000268,0.991963446,0.0263201669,1.97866774,3.79918456,-1.04298854,-1.18658352,-0.320129454,-0.193123296,1.0432272,0.927078724,-0.676425338,1.68657887,-4.10408449,4.16576767,2.59478188,-2.98674798,1.84478843,-1.11431527,-2.06142235,-0.248106375,-1.3867147,-3.04636288,-3.37467575,-1.0359112,-2.40862346,-1.23101366,0.168543845,-0.121373236,-0.350823879,-0.891188085,-0.723928571,-2.00903511,0.935748994,2.48247719,3.76438999,-1.18925679,-0.512036979,3.50399375,-1.7743448,0.191415906,1.79956329,4.22147131,-0.047850959,-2.02233648,1.87898624,-1.16884148,1.71231842,-2.18542314,-1.72937655,1.87552392,0.71223563,0.908749104,-3.31958938,0.648554444,0.184989706,0.480725437,-2.77650738,-0.290028512,-2.33421445,-2.08161354,-0.287531167,1.74039829,1.26776946,0.216254994,0.247682452,0.343351305,0.394805849,2.12671494,-0.339521527,-1.98452795,1.03182566,2.74849987,0.905352235,-0.414523035,2.44062161,1.07360542,-0.819808543,0.850920677,-0.657639861,-0.66865325,-0.479918808,0.381859839,0.318247378,-0.313605726,-3.28239036,-2.11757636,-1.70865107,-2.52624011,-1.43467617,0.117987148,0.366656005,-1.14208806,2.24332404,-1.15063751,2.31860089,1.39811385,0.840215504,-5.47150898,3.33343959,1.4359535,-1.50231791,0.857401729,-1.51370585,2.8642087,3.97812676,-1.30519724,-0.505497634,-0.134289473
out	-1	0	44883	logits	ptr	logits	0x7f6819048000	device
out	-1	0	44883	logits	248320	-11.5583467	16.9159813	-1.22547803	1107.75195	8.7132206,3.55735254,5.28695869,4.44023228,3.4672997,5.13478947,4.76850414,9.2177124,9.21899414,8.65466118,8.69422626,16.9159813,10.0578823,12.8035851,10.4585266,3.9112637
out	-1	0	44883	lm_head_q6k_row	0	8.7132206	8.71322346	2.86102295e-06
out	-1	0	44883	lm_head_q6k_row	1	3.55735254	3.55735946	6.91413879e-06
out	-1	0	44883	lm_head_q6k_row	2	5.28695869	5.28695774	-9.53674316e-07
out	-1	0	44883	lm_head_q6k_row	3	4.44023228	4.44023085	-1.43051147e-06
out	-1	0	44883	lm_head_q6k_row	4	3.4672997	3.46730328	3.57627869e-06
out	-1	0	44883	lm_head_q6k_row	5	5.13478947	5.13479805	8.58306885e-06
out	-1	0	44883	lm_head_q6k_row	6	4.76850414	4.76850224	-1.90734863e-06
out	-1	0	44883	lm_head_q6k_row	7	9.2177124	9.21771431	1.90734863e-06
out	-1	0	44883	lm_head_q6k_summary	rows=8	worst_row=5	max_abs=8.58306885e-06
out	-1	1	44883	lm_head_q6k_row	0	9.03665161	9.03663731	-1.43051147e-05
out	-1	1	44883	lm_head_q6k_row	1	4.61460972	4.61461544	5.7220459e-06
out	-1	1	44883	lm_head_q6k_row	2	7.33844757	7.3384304	-1.71661377e-05
out	-1	1	44883	lm_head_q6k_row	3	5.49385643	5.49385977	3.33786011e-06
out	-1	1	44883	lm_head_q6k_row	4	5.01587963	5.01587963	0
out	-1	1	44883	lm_head_q6k_row	5	6.30633259	6.30633211	-4.76837158e-07
out	-1	1	44883	lm_head_q6k_row	6	4.3415103	4.34150791	-2.38418579e-06
out	-1	1	44883	lm_head_q6k_row	7	11.5336933	11.5336847	-8.58306885e-06
out	-1	1	44883	lm_head_q6k_summary	rows=8	worst_row=2	max_abs=1.71661377e-05
